Id,gasdate,openprice,highprice,lowprice,closeprice,volume,created_at
1,3/12/2015,2.828000069,2.864000082,2.724999905,2.733999968,155481,4/19/2019 17:55
2,3/13/2015,2.749000072,2.759000063,2.674000025,2.726999998,95866,4/19/2019 17:55
3,3/16/2015,2.704999924,2.747999907,2.680000067,2.71600008,82668,4/19/2019 17:55
4,3/17/2015,2.742000103,2.85800004,2.74000001,2.855000019,159236,4/19/2019 17:55
5,3/18/2015,2.854000092,2.934999943,2.775000095,2.920000076,153505,4/19/2019 17:55
6,3/19/2015,2.90899992,2.927999973,2.776000023,2.812999964,141093,4/19/2019 17:55
7,3/20/2015,2.83100009,2.91899991,2.762000084,2.786000013,145544,4/19/2019 17:55
8,3/23/2015,2.740999937,2.756000042,2.690999985,2.73300004,111016,4/19/2019 17:55
9,3/24/2015,2.750999928,2.809999943,2.734999895,2.786000013,87787,4/19/2019 17:55
10,3/25/2015,2.78399992,2.792999983,2.711999893,2.72300005,54868,4/19/2019 17:55
11,3/26/2015,2.73300004,2.756000042,2.648999929,2.671999931,49630,4/19/2019 17:55
12,3/27/2015,2.665999889,2.674999952,2.578000069,2.589999914,13458,4/19/2019 17:55
13,3/30/2015,2.624000072,2.673000097,2.60800004,2.644000053,77701,4/19/2019 17:55
14,3/31/2015,2.640000105,2.686000109,2.621999979,2.640000105,76705,4/19/2019 17:55
15,4/1/2015,2.637000084,2.670000076,2.582999945,2.605000019,99015,4/19/2019 17:55
16,4/2/2015,2.601000071,2.719000101,2.59100008,2.713000059,138646,4/19/2019 17:55
17,4/3/2015,2.713000059,2.713000059,2.713000059,2.713000059,0,4/19/2019 17:55
18,4/6/2015,2.680999994,2.697999954,2.632999897,2.650000095,70629,4/19/2019 17:55
19,4/7/2015,2.654999971,2.709000111,2.647000074,2.680000067,105704,4/19/2019 17:55
20,4/8/2015,2.665999889,2.66899991,2.611000061,2.618999958,131934,4/19/2019 17:55
21,4/9/2015,2.624000072,2.645999908,2.522000074,2.528000116,171401,4/19/2019 17:55
22,4/10/2015,2.539000034,2.551000118,2.503999949,2.510999918,120054,4/19/2019 17:55
23,4/13/2015,2.486999989,2.542999983,2.474999905,2.510999918,150880,4/19/2019 17:55
24,4/14/2015,2.506999969,2.552000046,2.502000093,2.529999971,145591,4/19/2019 17:55
25,4/15/2015,2.526000023,2.625,2.490999937,2.609999895,136769,4/19/2019 17:55
26,4/16/2015,2.59800005,2.690000057,2.545000076,2.684000015,186382,4/19/2019 17:55
27,4/17/2015,2.681999922,2.693000078,2.625,2.634000063,86587,4/19/2019 17:55
28,4/20/2015,2.592000008,2.595999956,2.53399992,2.536000013,118341,4/19/2019 17:55
29,4/21/2015,2.549000025,2.596999884,2.532999992,2.575000048,103646,4/19/2019 17:55
30,4/22/2015,2.571000099,2.621999979,2.553999901,2.605999947,83370,4/19/2019 17:55
31,4/23/2015,2.601999998,2.605000019,2.519999981,2.530999899,133446,4/19/2019 17:55
32,4/24/2015,2.546000004,2.561000109,2.517999887,2.530999899,39874,4/19/2019 17:55
33,4/27/2015,2.471999884,2.493999958,2.443000078,2.49000001,69051,4/19/2019 17:55
34,4/28/2015,2.482000113,2.52699995,2.467999935,2.51699996,11834,4/19/2019 17:55
35,4/29/2015,2.530999899,2.611999989,2.510999918,2.605999947,108178,4/19/2019 17:55
36,4/30/2015,2.589999914,2.769999981,2.556999922,2.750999928,228134,4/19/2019 17:55
37,5/1/2015,2.736999989,2.799999952,2.713999987,2.776000023,118891,4/19/2019 17:55
38,5/4/2015,2.737999916,2.823999882,2.737999916,2.821000099,86811,4/19/2019 17:55
39,5/5/2015,2.808000088,2.821000099,2.766000032,2.779999971,83526,4/19/2019 17:55
40,5/6/2015,2.790999889,2.822000027,2.746999979,2.776000023,111314,4/19/2019 17:55
41,5/7/2015,2.772000074,2.821000099,2.710999966,2.733999968,149382,4/19/2019 17:55
42,5/8/2015,2.734999895,2.888000011,2.724999905,2.880000114,201286,4/19/2019 17:55
43,5/11/2015,2.914000034,2.934999943,2.796000004,2.802000046,124584,4/19/2019 17:55
44,5/12/2015,2.818000078,2.930999994,2.785000086,2.897000074,153769,4/19/2019 17:55
45,5/13/2015,2.895999908,2.971999884,2.855999947,2.934999943,142743,4/19/2019 17:55
46,5/14/2015,2.940000057,3.019999981,2.888000011,3.007999897,184911,4/19/2019 17:55
47,5/15/2015,3.01699996,3.036000013,2.970999956,3.016000032,96222,4/19/2019 17:55
48,5/18/2015,2.98300004,3.048000097,2.977999926,3.00999999,95155,4/19/2019 17:55
49,5/19/2015,3.019999981,3.105000019,2.937999964,2.947999954,194666,4/19/2019 17:55
50,5/20/2015,2.960999966,3.020999908,2.90199995,2.914999962,113970,4/19/2019 17:55
51,5/21/2015,2.938999891,3.038000107,2.920000076,2.948999882,146213,4/19/2019 17:55
52,5/22/2015,2.961999893,2.970000029,2.881000042,2.887000084,65659,4/19/2019 17:55
53,5/26/2015,2.878000021,2.878999949,2.788000107,2.822000027,59021,4/19/2019 17:55
54,5/27/2015,2.826999903,2.887000084,2.796999931,2.815000057,11494,4/19/2019 17:55
55,5/28/2015,2.836999893,2.845000029,2.700000048,2.70600009,167786,4/19/2019 17:55
56,5/29/2015,2.71600008,2.721999884,2.632999897,2.64199996,126730,4/19/2019 17:55
57,6/1/2015,2.61500001,2.671999931,2.602999926,2.648999929,125928,4/19/2019 17:55
58,6/2/2015,2.65199995,2.72300005,2.598999977,2.697999954,145374,4/19/2019 17:55
59,6/3/2015,2.703000069,2.723999977,2.625,2.634000063,128116,4/19/2019 17:55
60,6/4/2015,2.638999939,2.674999952,2.555999994,2.625999928,166240,4/19/2019 17:55
61,6/5/2015,2.628000021,2.645999908,2.58100009,2.589999914,131559,4/19/2019 17:55
62,6/8/2015,2.640000105,2.711999893,2.624000072,2.704999924,170731,4/19/2019 17:55
63,6/9/2015,2.703999996,2.849999905,2.696000099,2.845999956,246116,4/19/2019 17:55
64,6/10/2015,2.832999945,2.921999931,2.825000048,2.891000032,225845,4/19/2019 17:55
65,6/11/2015,2.905999899,2.91899991,2.813999891,2.825000048,188958,4/19/2019 17:55
66,6/12/2015,2.818000078,2.825999975,2.743999958,2.75,144900,4/19/2019 17:55
67,6/15/2015,2.769000053,2.91899991,2.763999939,2.888999939,169330,4/19/2019 17:55
68,6/16/2015,2.907000065,2.928999901,2.83100009,2.894000053,157271,4/19/2019 17:55
69,6/17/2015,2.903000116,2.954999924,2.838999987,2.855000019,166029,4/19/2019 17:55
70,6/18/2015,2.849999905,2.881999969,2.772000074,2.77699995,149242,4/19/2019 17:55
71,6/19/2015,2.78399992,2.836999893,2.739000082,2.815999985,117265,4/19/2019 17:55
72,6/22/2015,2.749000072,2.753000021,2.714999914,2.73300004,117991,4/19/2019 17:55
73,6/23/2015,2.737999916,2.792000055,2.711999893,2.726000071,105582,4/19/2019 17:55
74,6/24/2015,2.726000071,2.779000044,2.710999966,2.759000063,39837,4/19/2019 17:55
75,6/25/2015,2.769000053,2.854000092,2.752000093,2.849999905,60077,4/19/2019 17:55
76,6/26/2015,2.842999935,2.845999956,2.743000031,2.773000002,0,4/19/2019 17:55
77,6/29/2015,2.755000114,2.844000101,2.734999895,2.805000067,123712,4/19/2019 17:55
78,6/30/2015,2.805999994,2.836999893,2.752000093,2.832000017,115062,4/19/2019 17:55
79,7/1/2015,2.815999985,2.855999947,2.760999918,2.782999992,124691,4/19/2019 17:55
80,7/2/2015,2.798000097,2.88499999,2.795000076,2.822000027,156307,4/19/2019 17:55
81,7/6/2015,2.835999966,2.857000113,2.730999947,2.756000042,134798,4/19/2019 17:55
82,7/7/2015,2.757999897,2.799999952,2.687999964,2.71600008,128811,4/19/2019 17:55
83,7/8/2015,2.729000092,2.756000042,2.676000118,2.684999943,123555,4/19/2019 17:55
84,7/9/2015,2.687000036,2.737999916,2.644000053,2.726000071,133123,4/19/2019 17:55
85,7/10/2015,2.732000113,2.806999922,2.72300005,2.769999981,125442,4/19/2019 17:55
86,7/13/2015,2.815999985,2.882999897,2.786999941,2.864000082,183790,4/19/2019 17:55
87,7/14/2015,2.868000031,2.934000015,2.822000027,2.839999914,151862,4/19/2019 17:55
88,7/15/2015,2.845000029,2.928999901,2.832000017,2.917999983,147619,4/19/2019 17:55
89,7/16/2015,2.914000034,2.930000067,2.842000008,2.854000092,146190,4/19/2019 17:55
90,7/17/2015,2.862999916,2.897000074,2.825999975,2.869999886,91164,4/19/2019 17:55
91,7/20/2015,2.842999935,2.874000072,2.785000086,2.822999954,141069,4/19/2019 17:55
92,7/21/2015,2.839999914,2.894000053,2.822000027,2.881999969,94008,4/19/2019 17:55
93,7/22/2015,2.890000105,2.914999962,2.84100008,2.897000074,108390,4/19/2019 17:55
94,7/23/2015,2.894000053,2.950999975,2.803999901,2.815999985,181461,4/19/2019 17:55
95,7/24/2015,2.806999922,2.815000057,2.773000002,2.776000023,62907,4/19/2019 17:55
96,7/27/2015,2.744999886,2.819999933,2.734999895,2.789000034,44020,4/19/2019 17:55
97,7/28/2015,2.796000004,2.851999998,2.77699995,2.821000099,52150,4/19/2019 17:55
98,7/29/2015,2.84100008,2.894999981,2.83100009,2.885999918,10819,4/19/2019 17:55
99,7/30/2015,2.85800004,2.894999981,2.762000084,2.767999887,146547,4/19/2019 17:55
100,7/31/2015,2.782000065,2.788000107,2.70600009,2.71600008,117368,4/19/2019 17:55
101,8/3/2015,2.724999905,2.785000086,2.707000017,2.747999907,130214,4/19/2019 17:55
102,8/4/2015,2.756999969,2.821000099,2.752000093,2.812000036,140061,4/19/2019 17:55
103,8/5/2015,2.811000109,2.862999916,2.779999971,2.798000097,170367,4/19/2019 17:55
104,8/6/2015,2.782000065,2.838000059,2.726000071,2.812999964,190872,4/19/2019 17:55
105,8/7/2015,2.805000067,2.823999882,2.760999918,2.798000097,155079,4/19/2019 17:55
106,8/10/2015,2.835000038,2.851999998,2.818000078,2.842000008,132721,4/19/2019 17:55
107,8/11/2015,2.835000038,2.861000061,2.796000004,2.844000101,143152,4/19/2019 17:55
108,8/12/2015,2.85800004,2.934000015,2.851999998,2.930999994,197562,4/19/2019 17:55
109,8/13/2015,2.921000004,2.930999994,2.78399992,2.786999941,246314,4/19/2019 17:55
110,8/14/2015,2.809000015,2.835999966,2.780999899,2.801000118,97799,4/19/2019 17:55
111,8/17/2015,2.773999929,2.788000107,2.717999935,2.727999926,120545,4/19/2019 17:55
112,8/18/2015,2.730000019,2.734999895,2.680000067,2.703999996,105540,4/19/2019 17:55
113,8/19/2015,2.714999914,2.739000082,2.694000006,2.71600008,85957,4/19/2019 17:55
114,8/20/2015,2.709000111,2.788000107,2.694000006,2.755000114,142290,4/19/2019 17:55
115,8/21/2015,2.753000021,2.75999999,2.670000076,2.676000118,114837,4/19/2019 17:55
116,8/24/2015,2.654000044,2.696000099,2.624000072,2.650000095,105379,4/19/2019 17:55
117,8/25/2015,2.671000004,2.703000069,2.65199995,2.684999943,46664,4/19/2019 17:55
118,8/26/2015,2.694000006,2.713999987,2.667999983,2.693000078,33493,4/19/2019 17:55
119,8/27/2015,2.680999994,2.696000099,2.628999949,2.638000011,9814,4/19/2019 17:55
120,8/28/2015,2.677000046,2.724999905,2.664000034,2.714999914,80832,4/19/2019 17:55
121,8/31/2015,2.680999994,2.691999912,2.642999887,2.688999891,87735,4/19/2019 17:55
122,9/1/2015,2.686000109,2.720999956,2.670000076,2.701999903,94139,4/19/2019 17:55
123,9/2/2015,2.688999891,2.698999882,2.631999969,2.648000002,81044,4/19/2019 17:55
124,9/3/2015,2.638000011,2.734999895,2.632999897,2.724999905,157041,4/19/2019 17:55
125,9/4/2015,2.710000038,2.717000008,2.648000002,2.654999971,105076,4/19/2019 17:55
126,9/8/2015,2.651000023,2.721999884,2.641000032,2.710000038,142154,4/19/2019 17:55
127,9/9/2015,2.693000078,2.707000017,2.641000032,2.651000023,129970,4/19/2019 17:55
128,9/10/2015,2.661000013,2.73300004,2.655999899,2.683000088,184221,4/19/2019 17:55
129,9/11/2015,2.677000046,2.717000008,2.660000086,2.693000078,104410,4/19/2019 17:55
130,9/14/2015,2.701999903,2.775000095,2.691999912,2.757999897,147615,4/19/2019 17:55
131,9/15/2015,2.767999887,2.79399991,2.720999956,2.727999926,99554,4/19/2019 17:55
132,9/16/2015,2.733999968,2.736000061,2.657000065,2.660000086,134433,4/19/2019 17:55
133,9/17/2015,2.667999983,2.678999901,2.602999926,2.65199995,103117,4/19/2019 17:55
134,9/18/2015,2.644000053,2.664999962,2.601999998,2.605000019,84023,4/19/2019 17:55
135,9/21/2015,2.585000038,2.595999956,2.549999952,2.572999954,95586,4/19/2019 17:55
136,9/22/2015,2.575999975,2.59800005,2.562000036,2.576999903,99088,4/19/2019 17:55
137,9/23/2015,2.575999975,2.604000092,2.558000088,2.569000006,102002,4/19/2019 17:55
138,9/24/2015,2.568000078,2.594000101,2.520999908,2.59100008,73238,4/19/2019 17:55
139,9/25/2015,2.585999966,2.607000113,2.529000044,2.563999891,63285,4/19/2019 17:55
140,9/28/2015,2.60800004,2.640000105,2.549000025,2.562999964,11240,4/19/2019 17:55
141,9/29/2015,2.66899991,2.673000097,2.58100009,2.585999966,115762,4/19/2019 17:55
142,9/30/2015,2.585000038,2.611000061,2.510999918,2.523999929,131356,4/19/2019 17:55
143,10/1/2015,2.522000074,2.540999889,2.420000076,2.433000088,165222,4/19/2019 17:55
144,10/2/2015,2.428999901,2.470999956,2.403000116,2.450999975,113070,4/19/2019 17:55
145,10/5/2015,2.450999975,2.490999937,2.428999901,2.450000048,103985,4/19/2019 17:55
146,10/6/2015,2.459000111,2.489000082,2.436000109,2.470000029,140217,4/19/2019 17:55
147,10/7/2015,2.476000071,2.530999899,2.454999924,2.473999977,163423,4/19/2019 17:55
148,10/8/2015,2.473999977,2.529999971,2.451999903,2.497999907,176167,4/19/2019 17:55
149,10/9/2015,2.487999916,2.523000002,2.469000101,2.502000093,134032,4/19/2019 17:55
150,10/12/2015,2.519999981,2.559000015,2.50999999,2.535000086,134727,4/19/2019 17:55
151,10/13/2015,2.54399991,2.555000067,2.486999989,2.497999907,149909,4/19/2019 17:55
152,10/14/2015,2.499000072,2.539000034,2.471999884,2.517999887,146825,4/19/2019 17:55
153,10/15/2015,2.538000107,2.578000069,2.448999882,2.453000069,179397,4/19/2019 17:55
154,10/16/2015,2.453000069,2.46600008,2.410000086,2.430000067,119252,4/19/2019 17:55
155,10/19/2015,2.463999987,2.480999947,2.434999943,2.441999912,95860,4/19/2019 17:55
156,10/20/2015,2.453000069,2.499000072,2.444000006,2.476000071,147317,4/19/2019 17:55
157,10/21/2015,2.493000031,2.493000031,2.378999949,2.404000044,156828,4/19/2019 17:55
158,10/22/2015,2.398000002,2.434999943,2.355999947,2.385999918,138906,4/19/2019 17:55
159,10/23/2015,2.371999979,2.374000072,2.275000095,2.286000013,107554,4/19/2019 17:55
160,10/26/2015,2.220999956,2.237999916,2.049999952,2.062000036,133205,4/19/2019 17:55
161,10/27/2015,2.073999882,2.11500001,1.947999954,2.092000008,76120,4/19/2019 17:55
162,10/28/2015,2.095999956,2.104000092,2.006000042,2.032999992,12817,4/19/2019 17:55
163,10/29/2015,2.301000118,2.371999979,2.234999895,2.256999969,154664,4/19/2019 17:55
164,10/30/2015,2.247999907,2.335999966,2.187999964,2.321000099,186377,4/19/2019 17:55
165,11/2/2015,2.267999887,2.278000116,2.230999947,2.256000042,122901,4/19/2019 17:55
166,11/3/2015,2.253999949,2.292999983,2.236000061,2.253000021,128360,4/19/2019 17:55
167,11/4/2015,2.276000023,2.316999912,2.255000114,2.262000084,124176,4/19/2019 17:55
168,11/5/2015,2.266000032,2.382999897,2.249000072,2.364000082,174266,4/19/2019 17:55
169,11/6/2015,2.364000082,2.398000002,2.316999912,2.371000051,182939,4/19/2019 17:55
170,11/9/2015,2.372999907,2.387000084,2.273999929,2.299999952,151379,4/19/2019 17:55
171,11/10/2015,2.305000067,2.364000082,2.292000055,2.319999933,149632,4/19/2019 17:55
172,11/11/2015,2.332000017,2.349999905,2.249000072,2.263000011,162914,4/19/2019 17:55
173,11/12/2015,2.265000105,2.312999964,2.233999968,2.25999999,151541,4/19/2019 17:55
174,11/13/2015,2.285000086,2.391000032,2.28399992,2.361000061,167723,4/19/2019 17:55
175,11/16/2015,2.448999882,2.460000038,2.329999924,2.38499999,157363,4/19/2019 17:55
176,11/17/2015,2.332999945,2.395999908,2.285000086,2.371000051,125018,4/19/2019 17:55
177,11/18/2015,2.368000031,2.410000086,2.328000069,2.346999884,104245,4/19/2019 17:55
178,11/19/2015,2.328000069,2.375999928,2.255000114,2.276000023,146821,4/19/2019 17:55
179,11/20/2015,2.25999999,2.275000095,2.122999907,2.144999981,136869,4/19/2019 17:55
180,11/23/2015,2.111000061,2.226000071,2.051000118,2.210000038,83260,4/19/2019 17:55
181,11/24/2015,2.20600009,2.217999935,2.130000114,2.200000048,57912,4/19/2019 17:55
182,11/25/2015,2.196000099,2.234999895,2.132999897,2.20600009,10361,4/19/2019 17:55
183,11/27/2015,2.289000034,2.305000067,2.204999924,2.211999893,68463,4/19/2019 17:55
184,11/30/2015,2.174999952,2.25,2.174999952,2.234999895,93354,4/19/2019 17:55
185,12/1/2015,2.230000019,2.259000063,2.193000078,2.230999947,140269,4/19/2019 17:55
186,12/2/2015,2.220999956,2.224999905,2.151000023,2.164999962,133512,4/19/2019 17:55
187,12/3/2015,2.174000025,2.200000048,2.131000042,2.180999994,143065,4/19/2019 17:55
188,12/4/2015,2.197999954,2.210999966,2.167000055,2.186000109,85242,4/19/2019 17:55
189,12/7/2015,2.15899992,2.161999941,2.059999943,2.066999912,188741,4/19/2019 17:55
190,12/8/2015,2.068000078,2.092999935,2.013999939,2.069999933,172495,4/19/2019 17:55
191,12/9/2015,2.079999924,2.118000031,2.048000097,2.062000036,153581,4/19/2019 17:55
192,12/10/2015,2.065000057,2.098999977,1.998999953,2.015000105,186400,4/19/2019 17:55
193,12/11/2015,2.003000021,2.010999918,1.958999991,1.99000001,168113,4/19/2019 17:55
194,12/14/2015,1.912999988,1.922999978,1.861999989,1.894000053,140549,4/19/2019 17:55
195,12/15/2015,1.899999976,1.904999971,1.794999957,1.822000027,171961,4/19/2019 17:55
196,12/16/2015,1.80400002,1.848999977,1.774999976,1.789999962,157968,4/19/2019 17:55
197,12/17/2015,1.825000048,1.853999972,1.733999968,1.754999995,213109,4/19/2019 17:55
198,12/18/2015,1.738000035,1.804999948,1.684000015,1.76699996,150915,4/19/2019 17:55
199,12/21/2015,1.835999966,1.947999954,1.786999941,1.911000013,182619,4/19/2019 17:55
200,12/22/2015,1.92900002,1.93900001,1.863000035,1.888000011,112282,4/19/2019 17:55
201,12/23/2015,1.911999941,2.009000063,1.871000051,1.98300004,102217,4/19/2019 17:55
202,12/24/2015,1.993999958,2.052000046,1.976999998,2.029000044,47512,4/19/2019 17:55
203,12/28/2015,2.082000017,2.247999907,2.066999912,2.227999926,65772,4/19/2019 17:55
204,12/29/2015,2.237999916,2.387000084,2.234999895,2.371999979,12457,4/19/2019 17:55
205,12/30/2015,2.322000027,2.335000038,2.187999964,2.213999987,134926,4/19/2019 17:55
206,12/31/2015,2.273000002,2.378000021,2.269999981,2.336999893,144665,4/19/2019 17:55
207,1/4/2016,2.365999937,2.375,2.239000082,2.334000111,135238,4/19/2019 17:55
208,1/5/2016,2.289999962,2.345999956,2.255000114,2.325000048,123923,4/19/2019 17:55
209,1/6/2016,2.345000029,2.359999895,2.240999937,2.26699996,166278,4/19/2019 17:55
210,1/7/2016,2.289999962,2.428999901,2.270999908,2.381999969,214462,4/19/2019 17:55
211,1/8/2016,2.397000074,2.494999886,2.377000093,2.471999884,163907,4/19/2019 17:55
212,1/11/2016,2.446000099,2.480000019,2.355000019,2.395999908,146842,4/19/2019 17:55
213,1/12/2016,2.361999989,2.365999937,2.240999937,2.256999969,157603,4/19/2019 17:55
214,1/13/2016,2.263000011,2.322999954,2.256000042,2.269000053,137810,4/19/2019 17:55
215,1/14/2016,2.273999929,2.29399991,2.125999928,2.138999939,156658,4/19/2019 17:55
216,1/15/2016,2.144000053,2.153000116,2.085999966,2.099999905,103815,4/19/2019 17:55
217,1/19/2016,2.055000067,2.170000076,2.04399991,2.09100008,133091,4/19/2019 17:55
218,1/20/2016,2.09100008,2.148999929,2.066999912,2.118000031,106102,4/19/2019 17:55
219,1/21/2016,2.13499999,2.188999891,2.079999924,2.138000011,161148,4/19/2019 17:55
220,1/22/2016,2.148999929,2.167999983,2.111999989,2.138999939,92561,4/19/2019 17:55
221,1/25/2016,2.155999899,2.174999952,2.08100009,2.157999992,59778,4/19/2019 17:55
222,1/26/2016,2.144000053,2.219000101,2.128000021,2.180000067,47007,4/19/2019 17:55
223,1/27/2016,2.177000046,2.240999937,2.161000013,2.188999891,11477,4/19/2019 17:55
224,1/28/2016,2.144999981,2.230999947,2.088000059,2.181999922,183962,4/19/2019 17:55
225,1/29/2016,2.223999977,2.315000057,2.217999935,2.298000097,181501,4/19/2019 17:55
226,2/1/2016,2.213000059,2.227999926,2.127000093,2.15199995,174774,4/19/2019 17:55
227,2/2/2016,2.135999918,2.140000105,1.975999951,2.025000095,215715,4/19/2019 17:55
228,2/3/2016,2.036000013,2.065000057,1.991999984,2.038000107,124472,4/19/2019 17:55
229,2/4/2016,2.042000055,2.048000097,1.953999996,1.972000003,153156,4/19/2019 17:55
230,2/5/2016,1.980999947,2.075999975,1.980999947,2.062999964,165224,4/19/2019 17:55
231,2/8/2016,2.105999947,2.171999931,2.105000019,2.140000105,197084,4/19/2019 17:55
232,2/9/2016,2.128999949,2.134000063,2.065000057,2.09800005,144489,4/19/2019 17:55
233,2/10/2016,2.096999884,2.108999968,2.01699996,2.046000004,147136,4/19/2019 17:55
234,2/11/2016,2.052000046,2.092999935,1.980000019,1.993999958,163827,4/19/2019 17:55
235,2/12/2016,1.993999958,2.025000095,1.950999975,1.965999961,102013,4/19/2019 17:55
236,2/16/2016,1.952000022,1.963000059,1.878999949,1.902999997,135735,4/19/2019 17:55
237,2/17/2016,1.924999952,1.960000038,1.893000007,1.942000031,108686,4/19/2019 17:55
238,2/18/2016,1.947999954,1.953999996,1.848999977,1.851999998,144732,4/19/2019 17:55
239,2/19/2016,1.855999947,1.870000005,1.79400003,1.80400002,110286,4/19/2019 17:55
240,2/22/2016,1.784000039,1.843999982,1.76699996,1.82099998,92455,4/19/2019 17:55
241,2/23/2016,1.832000017,1.84800005,1.773000002,1.781999946,54649,4/19/2019 17:55
242,2/24/2016,1.784999967,1.807999969,1.761000037,1.777999997,41977,4/19/2019 17:55
243,2/25/2016,1.773000002,1.776000023,1.682000041,1.710999966,11512,4/19/2019 17:55
244,2/26/2016,1.786000013,1.804999948,1.730999947,1.791000009,115553,4/19/2019 17:55
245,2/29/2016,1.710999966,1.736999989,1.690000057,1.710999966,173244,4/19/2019 17:55
246,3/1/2016,1.707000017,1.774999976,1.684999943,1.741999984,192966,4/19/2019 17:55
247,3/2/2016,1.741000056,1.746000051,1.656999946,1.677999973,128726,4/19/2019 17:55
248,3/3/2016,1.672000051,1.695000052,1.629999995,1.639000058,139558,4/19/2019 17:55
249,3/4/2016,1.626000047,1.674999952,1.610999942,1.666000009,100277,4/19/2019 17:55
250,3/7/2016,1.628000021,1.74000001,1.611999989,1.690000057,158881,4/19/2019 17:55
251,3/8/2016,1.707000017,1.74000001,1.677999973,1.712000012,147454,4/19/2019 17:55
252,3/9/2016,1.726999998,1.784000039,1.715000033,1.751999974,160681,4/19/2019 17:55
253,3/10/2016,1.764000058,1.812000036,1.73300004,1.787999988,183310,4/19/2019 17:55
254,3/11/2016,1.799000025,1.858999968,1.792000055,1.822000027,135380,4/19/2019 17:55
255,3/14/2016,1.817999959,1.856999993,1.771000028,1.819000006,111237,4/19/2019 17:55
256,3/15/2016,1.832000017,1.898000002,1.807999969,1.850999951,137266,4/19/2019 17:55
257,3/16/2016,1.848999977,1.878999949,1.820000052,1.868000031,112156,4/19/2019 17:55
258,3/17/2016,1.868999958,1.952000022,1.830000043,1.93599999,172241,4/19/2019 17:55
259,3/18/2016,1.932999969,1.957000017,1.881000042,1.906999946,122652,4/19/2019 17:55
260,3/21/2016,1.893000007,1.907999992,1.807999969,1.827999949,139542,4/19/2019 17:55
261,3/22/2016,1.812999964,1.870000005,1.796000004,1.863000035,116291,4/19/2019 17:55
262,3/23/2016,1.866999984,1.899000049,1.77699995,1.79400003,121750,4/19/2019 17:55
263,3/24/2016,1.791000009,1.827000022,1.771999955,1.805999994,64618,4/19/2019 17:55
264,3/28/2016,1.784999967,1.851999998,1.766000032,1.84800005,55160,4/19/2019 17:55
265,3/29/2016,1.855000019,1.914000034,1.82099998,1.902999997,10786,4/19/2019 17:55
266,3/30/2016,1.978999972,2.015000105,1.963000059,1.996000051,116072,4/19/2019 17:55
267,3/31/2016,1.99000001,2.028000116,1.929999948,1.958999991,184464,4/19/2019 17:55
268,4/1/2016,1.963000059,1.991999984,1.924999952,1.95599997,115458,4/19/2019 17:55
269,4/4/2016,1.988000035,2.073999882,1.975999951,1.998000026,158616,4/19/2019 17:55
270,4/5/2016,2.003999949,2.040999889,1.930999994,1.953999996,136280,4/19/2019 17:55
271,4/6/2016,1.940999985,1.942999959,1.896999955,1.911000013,123746,4/19/2019 17:55
272,4/7/2016,1.904000044,2.023999929,1.89199996,2.017999887,214842,4/19/2019 17:55
273,4/8/2016,2.015000105,2.04399991,1.985999942,1.99000001,163135,4/19/2019 17:55
274,4/11/2016,1.950999975,1.950999975,1.906999946,1.911999941,158321,4/19/2019 17:55
275,4/12/2016,1.934000015,2.029999971,1.922000051,2.003999949,175353,4/19/2019 17:55
276,4/13/2016,2.016000032,2.051000118,2.002000093,2.036000013,164613,4/19/2019 17:55
277,4/14/2016,2.045000076,2.048000097,1.957000017,1.970000029,147139,4/19/2019 17:55
278,4/15/2016,1.960999966,1.967000008,1.88499999,1.90199995,137689,4/19/2019 17:55
279,4/18/2016,1.881999969,1.950000048,1.871999979,1.940000057,128242,4/19/2019 17:55
280,4/19/2016,1.934000015,2.095999956,1.924999952,2.088000059,179590,4/19/2019 17:55
281,4/20/2016,2.088999987,2.137000084,2.053999901,2.069000006,189782,4/19/2019 17:55
282,4/21/2016,2.072999954,2.107000113,2.052999973,2.068000078,147696,4/19/2019 17:55
283,4/22/2016,2.061000109,2.147000074,2.03399992,2.140000105,155814,4/19/2019 17:55
284,4/25/2016,2.160000086,2.176000118,2.042999983,2.062999964,66033,4/19/2019 17:55
285,4/26/2016,2.072000027,2.082000017,1.993000031,2.032000065,55326,4/19/2019 17:55
286,4/27/2016,2.035000086,2.063999891,1.950000048,1.995000005,14217,4/19/2019 17:55
287,4/28/2016,2.148999929,2.154999971,2.053999901,2.078000069,181446,4/19/2019 17:55
288,4/29/2016,2.059999943,2.194999933,2.042000055,2.177999973,228083,4/19/2019 17:55
289,5/2/2016,2.131999969,2.142999887,2.026000023,2.042000055,161764,4/19/2019 17:55
290,5/3/2016,2.052999973,2.104000092,2.040999889,2.085999966,125188,4/19/2019 17:55
291,5/4/2016,2.085999966,2.160000086,2.061000109,2.141000032,131086,4/19/2019 17:55
292,5/5/2016,2.142999887,2.178999901,2.068000078,2.075999975,148472,4/19/2019 17:55
293,5/6/2016,2.084000111,2.108999968,2.045000076,2.101000071,128478,4/19/2019 17:55
294,5/9/2016,2.104000092,2.125999928,2.079999924,2.09800005,109455,4/19/2019 17:55
295,5/10/2016,2.099999905,2.173000097,2.09100008,2.157999992,137449,4/19/2019 17:55
296,5/11/2016,2.164000034,2.183000088,2.114000082,2.173000097,154963,4/19/2019 17:55
297,5/12/2016,2.163000107,2.184999943,2.125,2.154999971,144823,4/19/2019 17:55
298,5/13/2016,2.134000063,2.164000034,2.075000048,2.095999956,169395,4/19/2019 17:55
299,5/16/2016,2.079999924,2.086999893,2.023000002,2.029000044,122627,4/19/2019 17:55
300,5/17/2016,2.036999941,2.082999945,2.029999971,2.048000097,114930,4/19/2019 17:55
301,5/18/2016,2.053999901,2.056999922,1.993999958,2.000999928,129144,4/19/2019 17:55
302,5/19/2016,2.00999999,2.052000046,1.952000022,2.039000034,175780,4/19/2019 17:55
303,5/20/2016,2.036999941,2.073999882,2.015000105,2.062000036,108443,4/19/2019 17:55
304,5/23/2016,2.092999935,2.132999897,2.049999952,2.055000067,106263,4/19/2019 17:55
305,5/24/2016,2.063999891,2.086999893,1.975999951,1.980000019,80233,4/19/2019 17:55
306,5/25/2016,1.980000019,2.007999897,1.955000043,1.991999984,54778,4/19/2019 17:55
307,5/26/2016,1.972000003,1.985000014,1.909000039,1.963000059,14245,4/19/2019 17:55
308,5/27/2016,2.144999981,2.190999985,2.101000071,2.16899991,124443,4/19/2019 17:55
309,5/31/2016,2.160000086,2.302999973,2.151000023,2.288000107,194034,4/19/2019 17:55
310,6/1/2016,2.286999941,2.385999918,2.27699995,2.381000042,209914,4/19/2019 17:55
311,6/2/2016,2.368999958,2.424000025,2.361000061,2.404999971,155782,4/19/2019 17:55
312,6/3/2016,2.404000044,2.453999996,2.387000084,2.398000002,135938,4/19/2019 17:55
313,6/6/2016,2.438999891,2.480000019,2.398999929,2.46600008,150658,4/19/2019 17:55
314,6/7/2016,2.444000006,2.490999937,2.407999992,2.473999977,169660,4/19/2019 17:55
315,6/8/2016,2.480999947,2.500999928,2.453000069,2.467999935,163427,4/19/2019 17:55
316,6/9/2016,2.464999914,2.630000114,2.450999975,2.617000103,280217,4/19/2019 17:55
317,6/10/2016,2.592999935,2.608999968,2.551000118,2.555999994,165068,4/19/2019 17:55
318,6/13/2016,2.595000029,2.63499999,2.569999933,2.585000038,163311,4/19/2019 17:55
319,6/14/2016,2.575999975,2.621000051,2.535000086,2.604000092,158697,4/19/2019 17:55
320,6/15/2016,2.607000113,2.634000063,2.585999966,2.595000029,107729,4/19/2019 17:55
321,6/16/2016,2.592000008,2.638999939,2.552999973,2.579999924,149526,4/19/2019 17:55
322,6/17/2016,2.584000111,2.655999899,2.553999901,2.622999907,127814,4/19/2019 17:55
323,6/20/2016,2.65199995,2.759000063,2.650000095,2.746999979,158498,4/19/2019 17:55
324,6/21/2016,2.743000031,2.786000013,2.710000038,2.767999887,124578,4/19/2019 17:55
325,6/22/2016,2.765000105,2.775000095,2.657000065,2.677000046,142665,4/19/2019 17:55
326,6/23/2016,2.670000076,2.720000029,2.614000082,2.697999954,141679,4/19/2019 17:55
327,6/24/2016,2.703000069,2.703000069,2.625,2.661999941,46173,4/19/2019 17:55
328,6/27/2016,2.635999918,2.736000061,2.631000042,2.71600008,45353,4/19/2019 17:55
329,6/28/2016,2.726000071,2.934000015,2.720999956,2.917000055,13040,4/19/2019 17:55
330,6/29/2016,2.878999949,2.973999977,2.844000101,2.862999916,147245,4/19/2019 17:55
331,6/30/2016,2.862999916,2.944999933,2.851000071,2.924000025,160700,4/19/2019 17:55
332,7/1/2016,2.930999994,2.997999907,2.891000032,2.986999989,114642,4/19/2019 17:55
333,7/5/2016,2.914999962,2.944999933,2.752000093,2.763999939,176555,4/19/2019 17:55
334,7/6/2016,2.767999887,2.802000046,2.697000027,2.786000013,135881,4/19/2019 17:55
335,7/7/2016,2.802999973,2.84100008,2.724999905,2.77699995,138168,4/19/2019 17:55
336,7/8/2016,2.757999897,2.825000048,2.747999907,2.801000118,98786,4/19/2019 17:55
337,7/11/2016,2.819000006,2.871000051,2.696000099,2.701999903,151030,4/19/2019 17:55
338,7/12/2016,2.717000008,2.750999928,2.687000036,2.733999968,143029,4/19/2019 17:55
339,7/13/2016,2.737999916,2.799000025,2.701999903,2.736999989,131498,4/19/2019 17:55
340,7/14/2016,2.750999928,2.769000053,2.709000111,2.726999998,126994,4/19/2019 17:55
341,7/15/2016,2.730000019,2.778000116,2.66899991,2.756000042,122444,4/19/2019 17:55
342,7/18/2016,2.775000095,2.799000025,2.707999945,2.721999884,89832,4/19/2019 17:55
343,7/19/2016,2.73300004,2.786999941,2.713999987,2.727999926,105285,4/19/2019 17:55
344,7/20/2016,2.721999884,2.730000019,2.648000002,2.657999992,125798,4/19/2019 17:55
345,7/21/2016,2.664999962,2.710000038,2.625,2.691999912,120585,4/19/2019 17:55
346,7/22/2016,2.687999964,2.795000076,2.660000086,2.77699995,95596,4/19/2019 17:55
347,7/25/2016,2.779000044,2.818000078,2.727999926,2.746999979,46357,4/19/2019 17:55
348,7/26/2016,2.73300004,2.772000074,2.681999922,2.711999893,54031,4/19/2019 17:55
349,7/27/2016,2.690999985,2.75,2.654000044,2.671999931,13341,4/19/2019 17:55
350,7/28/2016,2.673000097,2.892999887,2.651000023,2.872999907,249336,4/19/2019 17:55
351,7/29/2016,2.857000113,2.911000013,2.836999893,2.875999928,116827,4/19/2019 17:55
352,8/1/2016,2.839999914,2.875999928,2.767999887,2.770999908,128411,4/19/2019 17:55
353,8/2/2016,2.773999929,2.799000025,2.727999926,2.73300004,107781,4/19/2019 17:55
354,8/3/2016,2.733999968,2.865999937,2.721999884,2.838999987,155704,4/19/2019 17:55
355,8/4/2016,2.842000008,2.88499999,2.809999943,2.834000111,148296,4/19/2019 17:55
356,8/5/2016,2.828999996,2.832000017,2.756000042,2.772000074,145174,4/19/2019 17:55
357,8/8/2016,2.749000072,2.760999918,2.704999924,2.747999907,175884,4/19/2019 17:55
358,8/9/2016,2.737999916,2.743999958,2.605000019,2.61500001,221206,4/19/2019 17:55
359,8/10/2016,2.618999958,2.650000095,2.551000118,2.561000109,187743,4/19/2019 17:55
360,8/11/2016,2.569999933,2.605000019,2.529000044,2.551000118,181826,4/19/2019 17:55
361,8/12/2016,2.535000086,2.625,2.523000002,2.585999966,134470,4/19/2019 17:55
362,8/15/2016,2.565000057,2.635999918,2.561000109,2.589999914,102325,4/19/2019 17:55
363,8/16/2016,2.59100008,2.630000114,2.579999924,2.617000103,98534,4/19/2019 17:55
364,8/17/2016,2.627000093,2.648000002,2.585000038,2.618999958,122020,4/19/2019 17:55
365,8/18/2016,2.61500001,2.697000027,2.601999998,2.674000025,146982,4/19/2019 17:55
366,8/19/2016,2.660000086,2.670000076,2.569000006,2.584000111,122687,4/19/2019 17:55
367,8/22/2016,2.595999956,2.696000099,2.595999956,2.678999901,143253,4/19/2019 17:55
368,8/23/2016,2.671000004,2.765000105,2.65199995,2.760999918,131600,4/19/2019 17:55
369,8/24/2016,2.760999918,2.819000006,2.749000072,2.796000004,108008,4/19/2019 17:55
370,8/25/2016,2.789999962,2.862999916,2.749000072,2.845999956,68929,4/19/2019 17:55
371,8/26/2016,2.839999914,2.907000065,2.796999931,2.871000051,49829,4/19/2019 17:55
372,8/29/2016,2.846999884,2.895999908,2.83100009,2.852999926,10334,4/19/2019 17:55
373,8/30/2016,2.892999887,2.943000078,2.815000057,2.826999903,133443,4/19/2019 17:55
374,8/31/2016,2.834000111,2.900000095,2.808000088,2.887000084,140178,4/19/2019 17:55
375,9/1/2016,2.878999949,2.890000105,2.785000086,2.792000055,157509,4/19/2019 17:55
376,9/2/2016,2.805000067,2.825000048,2.769999981,2.792000055,88815,4/19/2019 17:55
377,9/6/2016,2.763999939,2.769999981,2.707999945,2.717000008,126923,4/19/2019 17:55
378,9/7/2016,2.724999905,2.743000031,2.664999962,2.676000118,139254,4/19/2019 17:55
379,9/8/2016,2.680999994,2.821000099,2.678999901,2.805999994,212586,4/19/2019 17:55
380,9/9/2016,2.809999943,2.844000101,2.782999992,2.796999931,149669,4/19/2019 17:55
381,9/12/2016,2.819999933,2.924000025,2.819999933,2.914999962,189734,4/19/2019 17:55
382,9/13/2016,2.90199995,2.941999912,2.887000084,2.90899992,140057,4/19/2019 17:55
383,9/14/2016,2.898999929,2.977999926,2.851999998,2.888999939,175313,4/19/2019 17:55
384,9/15/2016,2.894999981,2.944000006,2.834000111,2.927000046,152767,4/19/2019 17:55
385,9/16/2016,2.917999983,2.963000059,2.865999937,2.947999954,123997,4/19/2019 17:55
386,9/19/2016,2.95600009,2.957999945,2.890000105,2.934000015,106540,4/19/2019 17:55
387,9/20/2016,2.936000109,3.072000027,2.934999943,3.046999931,172079,4/19/2019 17:55
388,9/21/2016,3.078000069,3.09800005,3.029000044,3.056999922,129474,4/19/2019 17:55
389,9/22/2016,3.073999882,3.09100008,2.980999947,2.99000001,132427,4/19/2019 17:55
390,9/23/2016,2.994999886,3.020999908,2.933000088,2.954999924,93791,4/19/2019 17:55
391,9/26/2016,2.948999882,3.017999887,2.943000078,2.996999979,44209,4/19/2019 17:55
392,9/27/2016,3.010999918,3.023000002,2.976999998,2.996000051,45160,4/19/2019 17:55
393,9/28/2016,2.993999958,2.993999958,2.904999971,2.951999903,8877,4/19/2019 17:55
394,9/29/2016,3.00999999,3.032000065,2.95600009,2.959000111,131811,4/19/2019 17:55
395,9/30/2016,2.96600008,2.976999998,2.89199996,2.905999899,168142,4/19/2019 17:55
396,10/3/2016,2.904999971,2.937000036,2.865999937,2.923000097,126404,4/19/2019 17:55
397,10/4/2016,2.907000065,2.99000001,2.878000021,2.963999987,145549,4/19/2019 17:55
398,10/5/2016,2.97300005,3.058000088,2.921999931,3.040999889,171022,4/19/2019 17:55
399,10/6/2016,3.029999971,3.071000099,2.971999884,3.049000025,202362,4/19/2019 17:55
400,10/7/2016,3.032999992,3.217999935,3.015000105,3.193000078,283581,4/19/2019 17:55
401,10/10/2016,3.194000006,3.289000034,3.154000044,3.275000095,204357,4/19/2019 17:55
402,10/11/2016,3.272000074,3.299999952,3.209000111,3.236999989,187557,4/19/2019 17:55
403,10/12/2016,3.22300005,3.25999999,3.184000015,3.210000038,171806,4/19/2019 17:55
404,10/13/2016,3.210999966,3.365999937,3.164000034,3.34100008,267945,4/19/2019 17:55
405,10/14/2016,3.345000029,3.361999989,3.263999939,3.285000086,166446,4/19/2019 17:55
406,10/17/2016,3.25999999,3.270999908,3.210999966,3.243999958,128893,4/19/2019 17:55
407,10/18/2016,3.252000093,3.316999912,3.247999907,3.263000011,116938,4/19/2019 17:55
408,10/19/2016,3.25999999,3.260999918,3.144000053,3.170000076,156842,4/19/2019 17:55
409,10/20/2016,3.173000097,3.200999975,3.101000071,3.141000032,161637,4/19/2019 17:55
410,10/21/2016,3.119999886,3.121000051,2.954999924,2.993000031,170372,4/19/2019 17:55
411,10/24/2016,3.006999969,3.04399991,2.826999903,2.83100009,162042,4/19/2019 17:55
412,10/25/2016,2.851000071,2.878999949,2.755000114,2.773999929,99283,4/19/2019 17:55
413,10/26/2016,2.756999969,2.776000023,2.627000093,2.730999947,83053,4/19/2019 17:55
414,10/27/2016,2.746000051,2.792999983,2.684000015,2.763999939,14495,4/19/2019 17:55
415,10/28/2016,3.08100009,3.125,3.016000032,3.105000019,157123,4/19/2019 17:55
416,10/31/2016,3.150000095,3.163000107,2.977999926,3.026000023,154845,4/19/2019 17:55
417,11/1/2016,2.979000092,3.029000044,2.849999905,2.90199995,228839,4/19/2019 17:55
418,11/2/2016,2.851999998,2.888999939,2.769000053,2.792000055,193678,4/19/2019 17:55
419,11/3/2016,2.773000002,2.839999914,2.724999905,2.769000053,170347,4/19/2019 17:55
420,11/4/2016,2.815000057,2.819999933,2.740999937,2.76699996,120816,4/19/2019 17:55
421,11/7/2016,2.84800005,2.875,2.780999899,2.815999985,141836,4/19/2019 17:55
422,11/8/2016,2.832000017,2.855999947,2.607000113,2.632999897,211752,4/19/2019 17:55
423,11/9/2016,2.611999989,2.743000031,2.546000004,2.690000057,209317,4/19/2019 17:55
424,11/10/2016,2.690999985,2.727999926,2.575000048,2.631999969,185153,4/19/2019 17:55
425,11/11/2016,2.655999899,2.684999943,2.555000067,2.618999958,162827,4/19/2019 17:55
426,11/14/2016,2.667000055,2.778000116,2.644000053,2.749000072,138940,4/19/2019 17:55
427,11/15/2016,2.746000051,2.822000027,2.694000006,2.709000111,150875,4/19/2019 17:55
428,11/16/2016,2.710000038,2.782000065,2.66899991,2.763999939,125531,4/19/2019 17:55
429,11/17/2016,2.76699996,2.798000097,2.680999994,2.703000069,140196,4/19/2019 17:55
430,11/18/2016,2.696000099,2.851999998,2.690000057,2.842999935,134225,4/19/2019 17:55
431,11/21/2016,2.898000002,2.97300005,2.891000032,2.950000048,112524,4/19/2019 17:55
432,11/22/2016,2.97300005,3.013999939,2.913000107,2.982000113,112524,4/19/2019 17:55
433,11/23/2016,2.947999954,3.062000036,2.914999962,3.026000023,65480,4/19/2019 17:55
434,11/25/2016,3.010999918,3.121000051,3.000999928,3.085000038,36482,4/19/2019 17:55
435,11/28/2016,3.130000114,3.265000105,3.130000114,3.232000113,13715,4/19/2019 17:55
436,11/29/2016,3.358999968,3.367000103,3.27699995,3.315000057,163396,4/19/2019 17:55
437,11/30/2016,3.325000048,3.36500001,3.285000086,3.351999998,168555,4/19/2019 17:55
438,12/1/2016,3.34800005,3.546999931,3.315999985,3.505000114,210764,4/19/2019 17:55
439,12/2/2016,3.539000034,3.568000078,3.378000021,3.436000109,168563,4/19/2019 17:55
440,12/5/2016,3.470999956,3.655999899,3.450000048,3.654000044,192188,4/19/2019 17:55
441,12/6/2016,3.599999905,3.732000113,3.573999882,3.63499999,225250,4/19/2019 17:55
442,12/7/2016,3.632999897,3.747999907,3.555999994,3.602999926,252203,4/19/2019 17:55
443,12/8/2016,3.569000006,3.730000019,3.503000021,3.694999933,233852,4/19/2019 17:55
444,12/9/2016,3.710000038,3.77699995,3.661000013,3.746000051,206662,4/19/2019 17:55
445,12/12/2016,3.582999945,3.601000071,3.471999884,3.506999969,245756,4/19/2019 17:55
446,12/13/2016,3.525000095,3.576999903,3.447999954,3.473999977,163184,4/19/2019 17:55
447,12/14/2016,3.476999998,3.572000027,3.444000006,3.539999962,140162,4/19/2019 17:55
448,12/15/2016,3.566999912,3.588999987,3.394000053,3.434000015,190798,4/19/2019 17:55
449,12/16/2016,3.420000076,3.434000015,3.342999935,3.414999962,120428,4/19/2019 17:55
450,12/19/2016,3.352999926,3.450000048,3.329999924,3.39199996,119326,4/19/2019 17:55
451,12/20/2016,3.401000023,3.407999992,3.242000103,3.263000011,165294,4/19/2019 17:55
452,12/21/2016,3.311000109,3.592999935,3.306999922,3.542000055,169031,4/19/2019 17:55
453,12/22/2016,3.572000027,3.625999928,3.496999979,3.538000107,119586,4/19/2019 17:55
454,12/23/2016,3.540999889,3.714999914,3.53399992,3.661999941,58296,4/19/2019 17:55
455,12/27/2016,3.736000061,3.778000116,3.686000109,3.760999918,59667,4/19/2019 17:55
456,12/28/2016,3.734999895,3.993999958,3.664000034,3.930000067,17262,4/19/2019 17:55
457,12/29/2016,3.871999979,3.884000063,3.753999949,3.802000046,132571,4/19/2019 17:55
458,12/30/2016,3.799999952,3.857000113,3.690000057,3.723999977,96920,4/19/2019 17:55
459,1/3/2017,3.568000078,3.568000078,3.26699996,3.326999903,254134,4/19/2019 17:55
460,1/4/2017,3.316999912,3.35800004,3.236000061,3.26699996,171528,4/19/2019 17:55
461,1/5/2017,3.25999999,3.345999956,3.171999931,3.273000002,208432,4/19/2019 17:55
462,1/6/2017,3.303999901,3.35800004,3.213999987,3.285000086,140075,4/19/2019 17:55
463,1/9/2017,3.253000021,3.275000095,3.09800005,3.102999926,163393,4/19/2019 17:55
464,1/10/2017,3.11500001,3.326999903,3.109999895,3.278000116,178594,4/19/2019 17:55
465,1/11/2017,3.273999929,3.351999998,3.213000059,3.223999977,145250,4/19/2019 17:55
466,1/12/2017,3.295000076,3.450000048,3.29399991,3.385999918,202396,4/19/2019 17:55
467,1/13/2017,3.397000074,3.434999943,3.332000017,3.41899991,155200,4/19/2019 17:55
468,1/17/2017,3.47300005,3.513000011,3.354000092,3.411999941,137695,4/19/2019 17:55
469,1/18/2017,3.397000074,3.437000036,3.282000065,3.302000046,128820,4/19/2019 17:55
470,1/19/2017,3.325000048,3.404000044,3.256999969,3.368000031,145476,4/19/2019 17:55
471,1/20/2017,3.301000118,3.346999884,3.188999891,3.203999996,138918,4/19/2019 17:55
472,1/23/2017,3.180000067,3.278000116,3.144999981,3.243000031,108564,4/19/2019 17:55
473,1/24/2017,3.279999971,3.349999905,3.259000063,3.279000044,99030,4/19/2019 17:55
474,1/25/2017,3.292000055,3.36500001,3.255000114,3.332000017,51139,4/19/2019 17:55
475,1/26/2017,3.361999989,3.493999958,3.349999905,3.381999969,75883,4/19/2019 17:55
476,1/27/2017,3.349999905,3.417999983,3.244999886,3.391000032,0,4/19/2019 17:55
477,1/30/2017,3.299999952,3.342000008,3.21600008,3.232000113,135654,4/19/2019 17:55
478,1/31/2017,3.223999977,3.234999895,3.109999895,3.117000103,198006,4/19/2019 17:55
479,2/1/2017,3.134000063,3.227999926,3.112999916,3.167999983,136176,4/19/2019 17:55
480,2/2/2017,3.174000025,3.209000111,3.118000031,3.187000036,149327,4/19/2019 17:55
481,2/3/2017,3.193000078,3.200999975,3.042000055,3.062999964,179658,4/19/2019 17:55
482,2/6/2017,3.015000105,3.085999966,3.006000042,3.049999952,124252,4/19/2019 17:55
483,2/7/2017,3.059999943,3.155999899,3.051000118,3.130000114,177005,4/19/2019 17:55
484,2/8/2017,3.140000105,3.164000034,3.059999943,3.125999928,159476,4/19/2019 17:55
485,2/9/2017,3.142999887,3.188999891,3.109999895,3.141000032,162281,4/19/2019 17:55
486,2/10/2017,3.105000019,3.121000051,3.005000114,3.03399992,188162,4/19/2019 17:55
487,2/13/2017,2.977999926,2.993999958,2.921000004,2.944000006,162673,4/19/2019 17:55
488,2/14/2017,2.923000097,2.953000069,2.887000084,2.904999971,142943,4/19/2019 17:55
489,2/15/2017,2.938999891,2.993999958,2.913000107,2.924999952,126121,4/19/2019 17:55
490,2/16/2017,2.934000015,2.953000069,2.83100009,2.854000092,138783,4/19/2019 17:55
491,2/17/2017,2.839999914,2.898999929,2.829999924,2.834000111,126492,4/19/2019 17:55
492,2/21/2017,2.790999889,2.825999975,2.555999994,2.563999891,205024,4/19/2019 17:55
493,2/22/2017,2.584000111,2.640000105,2.522000074,2.592000008,69600,4/19/2019 17:55
494,2/23/2017,2.59800005,2.703999996,2.569000006,2.617000103,67942,4/19/2019 17:55
495,2/24/2017,2.619999886,2.670000076,2.586999893,2.627000093,0,4/19/2019 17:55
496,2/27/2017,2.714999914,2.720999956,2.65899992,2.693000078,127547,4/19/2019 17:55
497,2/28/2017,2.690999985,2.788000107,2.653000116,2.773999929,183619,4/19/2019 17:55
498,3/1/2017,2.769999981,2.828000069,2.743000031,2.799000025,154834,4/19/2019 17:55
499,3/2/2017,2.790999889,2.835000038,2.730000019,2.803999901,173316,4/19/2019 17:55
500,3/3/2017,2.815999985,2.839999914,2.775000095,2.826999903,155244,4/19/2019 17:55
501,3/6/2017,2.911000013,2.951999903,2.857000113,2.901000023,216887,4/19/2019 17:55
502,3/7/2017,2.871999979,2.890000105,2.815000057,2.823999882,166482,4/19/2019 17:55
503,3/8/2017,2.835000038,2.948999882,2.832999945,2.901000023,200061,4/19/2019 17:55
504,3/9/2017,2.913000107,2.99000001,2.888999939,2.973999977,178683,4/19/2019 17:55
505,3/10/2017,2.986999989,3.042999983,2.96600008,3.007999897,162566,4/19/2019 17:55
506,3/13/2017,3.082999945,3.088999987,2.99000001,3.042999983,140782,4/19/2019 17:55
507,3/14/2017,3.017999887,3.062999964,2.927000046,2.937999964,156658,4/19/2019 17:55
508,3/15/2017,2.948999882,3.006000042,2.923000097,2.980999947,119225,4/19/2019 17:55
509,3/16/2017,2.973999977,2.976000071,2.888000011,2.90199995,175334,4/19/2019 17:55
510,3/17/2017,2.907999992,2.964999914,2.881999969,2.947999954,102589,4/19/2019 17:55
511,3/20/2017,2.913000107,3.085000038,2.90199995,3.040999889,133705,4/19/2019 17:55
512,3/21/2017,3.079999924,3.112999916,3.032999992,3.092999935,138763,4/19/2019 17:55
513,3/22/2017,3.082000017,3.095000029,3.006999969,3.010999918,125475,4/19/2019 17:55
514,3/23/2017,3.019999981,3.062999964,2.986000061,3.051000118,147427,4/19/2019 17:55
515,3/24/2017,3.049999952,3.092000008,3.016000032,3.075999975,102120,4/19/2019 17:55
516,3/27/2017,3.118999958,3.132999897,3.042999983,3.052000046,59543,4/19/2019 17:55
517,3/28/2017,3.046000004,3.104000092,3.010999918,3.095999956,53195,4/19/2019 17:55
518,3/29/2017,3.088999987,3.183000088,3.082000017,3.174999952,8017,4/19/2019 17:55
519,3/30/2017,3.210000038,3.236999989,3.141000032,3.190999985,133288,4/19/2019 17:55
520,3/31/2017,3.198999882,3.242000103,3.163000107,3.190000057,114819,4/19/2019 17:55
521,4/3/2017,3.217000008,3.239000082,3.125,3.128000021,124588,4/19/2019 17:55
522,4/4/2017,3.144999981,3.301000118,3.121000051,3.292999983,232924,4/19/2019 17:55
523,4/5/2017,3.292999983,3.346999884,3.253999949,3.266000032,165274,4/19/2019 17:55
524,4/6/2017,3.269000053,3.336999893,3.234999895,3.33100009,165907,4/19/2019 17:55
525,4/7/2017,3.306999922,3.339999914,3.246000051,3.260999918,170783,4/19/2019 17:55
526,4/10/2017,3.24000001,3.292999983,3.227999926,3.237999916,141822,4/19/2019 17:55
527,4/11/2017,3.243000031,3.267999887,3.141000032,3.150000095,201474,4/19/2019 17:55
528,4/12/2017,3.167999983,3.197000027,3.131999969,3.187000036,174009,4/19/2019 17:55
529,4/13/2017,3.181999922,3.243000031,3.148999929,3.226999998,182106,4/19/2019 17:55
530,4/17/2017,3.229000092,3.249000072,3.157999992,3.163000107,147638,4/19/2019 17:55
531,4/18/2017,3.164000034,3.181999922,3.114000082,3.144999981,138628,4/19/2019 17:55
532,4/19/2017,3.150000095,3.22300005,3.142999887,3.184999943,158318,4/19/2019 17:55
533,4/20/2017,3.190999985,3.219000101,3.134000063,3.15899992,125995,4/19/2019 17:55
534,4/21/2017,3.167999983,3.184999943,3.082000017,3.101000071,114899,4/19/2019 17:55
535,4/24/2017,3.094000101,3.148999929,3.030999899,3.065999985,67850,4/19/2019 17:55
536,4/25/2017,3.063999891,3.082999945,3.022000074,3.042999983,64754,4/19/2019 17:55
537,4/26/2017,3.052000046,3.170000076,3.030999899,3.14199996,11331,4/19/2019 17:55
538,4/27/2017,3.255000114,3.266000032,3.207000017,3.239000082,139117,4/19/2019 17:55
539,4/28/2017,3.24000001,3.298000097,3.229000092,3.276000023,117649,4/19/2019 17:55
540,5/1/2017,3.249000072,3.312999964,3.197999954,3.214999914,128608,4/19/2019 17:55
541,5/2/2017,3.230999947,3.273000002,3.177999973,3.194999933,141615,4/19/2019 17:55
542,5/3/2017,3.184999943,3.23300004,3.174999952,3.227999926,89628,4/19/2019 17:55
543,5/4/2017,3.220000029,3.253999949,3.164999962,3.186000109,140033,4/19/2019 17:55
544,5/5/2017,3.198999882,3.282000065,3.183000088,3.266000032,150649,4/19/2019 17:55
545,5/8/2017,3.243000031,3.265000105,3.140000105,3.171999931,196689,4/19/2019 17:55
546,5/9/2017,3.177999973,3.246000051,3.173000097,3.226999998,170982,4/19/2019 17:55
547,5/10/2017,3.213999987,3.348999977,3.201999903,3.292000055,223188,4/19/2019 17:55
548,5/11/2017,3.278000116,3.388000011,3.273000002,3.375999928,199191,4/19/2019 17:55
549,5/12/2017,3.368000031,3.430999994,3.349999905,3.424000025,150243,4/19/2019 17:55
550,5/15/2017,3.387000084,3.407999992,3.334000111,3.348999977,142311,4/19/2019 17:55
551,5/16/2017,3.358999968,3.368999958,3.21600008,3.230000019,203407,4/19/2019 17:55
552,5/17/2017,3.230999947,3.269000053,3.164999962,3.191999912,147282,4/19/2019 17:55
553,5/18/2017,3.209000111,3.242000103,3.161000013,3.181999922,153415,4/19/2019 17:55
554,5/19/2017,3.184000015,3.269999981,3.180999994,3.256000042,143461,4/19/2019 17:55
555,5/22/2017,3.290999889,3.334000111,3.279000044,3.329999924,132558,4/19/2019 17:55
556,5/23/2017,3.325000048,3.332999945,3.210999966,3.219000101,131858,4/19/2019 17:55
557,5/24/2017,3.233999968,3.252000093,3.176000118,3.209000111,51800,4/19/2019 17:55
558,5/25/2017,3.203999996,3.256999969,3.144999981,3.184000015,45800,4/19/2019 17:55
559,5/26/2017,3.186000109,3.263000011,3.167000055,3.236000061,0,4/19/2019 17:55
560,5/30/2017,3.25,3.255000114,3.141000032,3.144999981,215155,4/19/2019 17:55
561,5/31/2017,3.145999908,3.171999931,3.061000109,3.071000099,208510,4/19/2019 17:55
562,6/1/2017,3.079999924,3.128000021,2.987999916,3.007999897,236236,4/19/2019 17:55
563,6/2/2017,3.051000118,3.051000118,2.989000082,2.999000072,147329,4/19/2019 17:55
564,6/5/2017,3.026000023,3.046999931,2.934999943,2.982000113,148450,4/19/2019 17:55
565,6/6/2017,2.982000113,3.062999964,2.971999884,3.042000055,139905,4/19/2019 17:55
566,6/7/2017,3.061000109,3.095000029,3.00999999,3.019999981,179726,4/19/2019 17:55
567,6/8/2017,3.019000053,3.068000078,2.977999926,3.028000116,205114,4/19/2019 17:55
568,6/9/2017,3.03399992,3.065999985,3.028000116,3.039000034,138973,4/19/2019 17:55
569,6/12/2017,3.032000065,3.086999893,3.000999928,3.023999929,163496,4/19/2019 17:55
570,6/13/2017,3.010999918,3.065000057,2.948999882,2.96600008,224042,4/19/2019 17:55
571,6/14/2017,2.961999893,2.989000082,2.915999889,2.933000088,164623,4/19/2019 17:55
572,6/15/2017,2.943000078,3.065999985,2.928999901,3.055999994,195042,4/19/2019 17:55
573,6/16/2017,3.049000025,3.082000017,3.020999908,3.036999941,121174,4/19/2019 17:55
574,6/19/2017,2.96600008,2.970999956,2.877000093,2.894000053,155300,4/19/2019 17:55
575,6/20/2017,2.897000074,2.913000107,2.878999949,2.907000065,112908,4/19/2019 17:55
576,6/21/2017,2.897000074,2.947999954,2.878000021,2.892999887,141997,4/19/2019 17:55
577,6/22/2017,2.895999908,2.961999893,2.855000019,2.894000053,150925,4/19/2019 17:55
578,6/23/2017,2.898000002,2.940000057,2.894999981,2.928999901,99800,4/19/2019 17:55
579,6/26/2017,2.99000001,3.052000046,2.974999905,3.02699995,61783,4/19/2019 17:55
580,6/27/2017,3.049000025,3.059999943,3.012000084,3.036999941,48460,4/19/2019 17:55
581,6/28/2017,3.019999981,3.079999924,3.016000032,3.066999912,12251,4/19/2019 17:55
582,6/29/2017,3.079999924,3.121999979,3.032000065,3.042000055,156622,4/19/2019 17:55
583,6/30/2017,3.036999941,3.052000046,2.973999977,3.035000086,152129,4/19/2019 17:55
584,7/3/2017,2.948999882,3.049999952,2.934999943,2.950999975,142576,4/19/2019 17:55
585,7/5/2017,2.951999903,3.019999981,2.832000017,2.839999914,239392,4/19/2019 17:55
586,7/6/2017,2.857000113,2.892999887,2.848999977,2.888000011,147746,4/19/2019 17:55
587,7/7/2017,2.898999929,2.947000027,2.846999884,2.864000082,156392,4/19/2019 17:55
588,7/10/2017,2.898000002,2.946000099,2.869999886,2.928999901,164958,4/19/2019 17:55
589,7/11/2017,2.924999952,3.052999973,2.921000004,3.046999931,203416,4/19/2019 17:55
590,7/12/2017,3.035000086,3.042999983,2.970000029,2.984999895,180109,4/19/2019 17:55
591,7/13/2017,2.992000103,3.019999981,2.947000027,2.960999966,172378,4/19/2019 17:55
592,7/14/2017,2.959000111,3,2.927999973,2.980000019,151634,4/19/2019 17:55
593,7/17/2017,2.982000113,3.049000025,2.980000019,3.019999981,114340,4/19/2019 17:55
594,7/18/2017,3.022000074,3.094000101,3.019999981,3.088000059,133413,4/19/2019 17:55
595,7/19/2017,3.082000017,3.102999926,3.062000036,3.065999985,101880,4/19/2019 17:55
596,7/20/2017,3.065999985,3.114000082,3.01699996,3.042999983,177683,4/19/2019 17:55
597,7/21/2017,3.029999971,3.04399991,2.937999964,2.970000029,158256,4/19/2019 17:55
598,7/24/2017,2.914000034,2.954999924,2.880000114,2.898999929,128436,4/19/2019 17:55
599,7/25/2017,2.907000065,2.950000048,2.898999929,2.944000006,50576,4/19/2019 17:55
600,7/26/2017,2.944000006,2.964999914,2.894999981,2.924000025,45379,4/19/2019 17:55
601,7/27/2017,2.926000118,2.997999907,2.904000044,2.969000101,11030,4/19/2019 17:55
602,7/28/2017,2.957999945,2.98300004,2.923000097,2.940999985,83193,4/19/2019 17:55
603,7/31/2017,2.900000095,2.900000095,2.780999899,2.79399991,176226,4/19/2019 17:55
604,8/1/2017,2.809999943,2.835000038,2.760999918,2.819000006,151158,4/19/2019 17:55
605,8/2/2017,2.815000057,2.836999893,2.785000086,2.811000109,111069,4/19/2019 17:55
606,8/3/2017,2.811000109,2.845999956,2.789999962,2.799999952,125787,4/19/2019 17:55
607,8/4/2017,2.792000055,2.799999952,2.753000021,2.773999929,100740,4/19/2019 17:55
608,8/7/2017,2.772000074,2.812000036,2.763999939,2.801000118,144959,4/19/2019 17:55
609,8/8/2017,2.805000067,2.832000017,2.782999992,2.822000027,134191,4/19/2019 17:55
610,8/9/2017,2.811000109,2.898999929,2.799999952,2.882999897,184358,4/19/2019 17:55
611,8/10/2017,2.877000093,2.994999886,2.871999979,2.984999895,262157,4/19/2019 17:55
612,8/11/2017,2.976000071,2.996999979,2.961999893,2.98300004,137469,4/19/2019 17:55
613,8/14/2017,3.005000114,3.017999887,2.924999952,2.959000111,130569,4/19/2019 17:55
614,8/15/2017,2.960999966,2.971999884,2.91899991,2.934999943,103177,4/19/2019 17:55
615,8/16/2017,2.920000076,2.933000088,2.882999897,2.890000105,135731,4/19/2019 17:55
616,8/17/2017,2.891000032,2.938999891,2.855999947,2.928999901,158462,4/19/2019 17:55
617,8/18/2017,2.917000055,2.927999973,2.88499999,2.892999887,83316,4/19/2019 17:55
618,8/21/2017,2.894000053,2.980000019,2.867000103,2.961999893,171194,4/19/2019 17:55
619,8/22/2017,2.963000059,3.006000042,2.927000046,2.938999891,151718,4/19/2019 17:55
620,8/23/2017,2.934999943,2.957000017,2.900000095,2.927999973,104361,4/19/2019 17:55
621,8/24/2017,2.926000118,2.982000113,2.917000055,2.948999882,105193,4/19/2019 17:55
622,8/25/2017,2.947000027,2.951999903,2.881000042,2.89199996,53985,4/19/2019 17:55
623,8/28/2017,2.924000025,2.967000008,2.848999977,2.924999952,48077,4/19/2019 17:55
624,8/29/2017,2.914999962,2.997999907,2.900000095,2.960999966,7945,4/19/2019 17:55
625,8/30/2017,2.97300005,2.980000019,2.927999973,2.938999891,96502,4/19/2019 17:55
626,8/31/2017,2.944999933,3.045000076,2.907999992,3.039999962,241062,4/19/2019 17:55
627,9/1/2017,3.02699995,3.088000059,2.997999907,3.069999933,179193,4/19/2019 17:55
628,9/5/2017,3.013000011,3.059000015,2.964999914,2.971999884,172702,4/19/2019 17:55
629,9/6/2017,2.970000029,3.030999899,2.960000038,3,145052,4/19/2019 17:55
630,9/7/2017,3.007999897,3.029999971,2.967999935,2.980999947,137126,4/19/2019 17:55
631,9/8/2017,2.971999884,2.974999905,2.88499999,2.890000105,204842,4/19/2019 17:55
632,9/11/2017,2.910000086,2.953000069,2.898999929,2.950000048,164090,4/19/2019 17:55
633,9/12/2017,2.950000048,3.042999983,2.936000109,3.000999928,248747,4/19/2019 17:55
634,9/13/2017,2.996000051,3.078000069,2.994999886,3.058000088,191192,4/19/2019 17:55
635,9/14/2017,3.059000015,3.105999947,3.036000013,3.069999933,204316,4/19/2019 17:55
636,9/15/2017,3.065000057,3.073999882,3.006000042,3.023999929,144121,4/19/2019 17:55
637,9/18/2017,3.049000025,3.157000065,3.049000025,3.145999908,209884,4/19/2019 17:55
638,9/19/2017,3.151000023,3.165999889,3.111999989,3.121999979,156610,4/19/2019 17:55
639,9/20/2017,3.118000031,3.148000002,3.076999903,3.094000101,172959,4/19/2019 17:55
640,9/21/2017,3.08100009,3.09100008,2.941999912,2.946000099,271675,4/19/2019 17:55
641,9/22/2017,2.957000017,2.977999926,2.944999933,2.959000111,109531,4/19/2019 17:55
642,9/25/2017,2.931999922,2.986000061,2.911000013,2.91899991,73229,4/19/2019 17:55
643,9/26/2017,2.921000004,2.954999924,2.898000002,2.917999983,54994,4/19/2019 17:55
644,9/27/2017,2.917000055,2.989000082,2.911999941,2.973999977,15712,4/19/2019 17:55
645,9/28/2017,3.059000015,3.08100009,3.000999928,3.01699996,192444,4/19/2019 17:55
646,9/29/2017,3.022000074,3.04399991,2.992000103,3.006999969,117984,4/19/2019 17:55
647,10/2/2017,3.017999887,3.025000095,2.888999939,2.915999889,251481,4/19/2019 17:55
648,10/3/2017,2.924999952,2.934999943,2.880000114,2.894999981,151617,4/19/2019 17:55
649,10/4/2017,2.904999971,2.976999998,2.898000002,2.940000057,160561,4/19/2019 17:55
650,10/5/2017,2.934000015,2.994999886,2.894000053,2.923000097,180003,4/19/2019 17:55
651,10/6/2017,2.894999981,2.917000055,2.855999947,2.862999916,226636,4/19/2019 17:55
652,10/9/2017,2.858999968,2.885999918,2.826999903,2.832999945,174730,4/19/2019 17:55
653,10/10/2017,2.835999966,2.895999908,2.832999945,2.891000032,201266,4/19/2019 17:55
654,10/11/2017,2.881999969,2.961999893,2.875999928,2.888999939,224270,4/19/2019 17:55
655,10/12/2017,2.905999899,3.007999897,2.894999981,2.989000082,308993,4/19/2019 17:55
656,10/13/2017,2.994999886,3.036000013,2.983999968,3,179590,4/19/2019 17:55
657,10/16/2017,2.960000038,2.976999998,2.907999992,2.946000099,179558,4/19/2019 17:55
658,10/17/2017,2.954999924,3.026000023,2.921000004,2.961999893,202672,4/19/2019 17:55
659,10/18/2017,2.923000097,2.940999985,2.851000071,2.854000092,205285,4/19/2019 17:55
660,10/19/2017,2.868000031,2.910000086,2.773000002,2.872999907,295772,4/19/2019 17:55
661,10/20/2017,2.885999918,2.940000057,2.855999947,2.914999962,225039,4/19/2019 17:55
662,10/23/2017,3.000999928,3.01699996,2.947999954,2.990999937,178926,4/19/2019 17:55
663,10/24/2017,2.970999956,3.003999949,2.960000038,2.973999977,112764,4/19/2019 17:55
664,10/25/2017,2.990999937,2.999000072,2.913000107,2.91899991,65776,4/19/2019 17:55
665,10/26/2017,2.928999901,2.940999985,2.867000103,2.890000105,50113,4/19/2019 17:55
666,10/27/2017,2.898999929,2.898999929,2.72300005,2.752000093,0,4/19/2019 17:55
667,10/30/2017,2.937999964,3.006000042,2.936000109,2.96600008,124090,4/19/2019 17:55
668,10/31/2017,2.987999916,3.005000114,2.881999969,2.895999908,194986,4/19/2019 17:55
669,11/1/2017,2.905999899,2.928999901,2.846999884,2.892999887,189880,4/19/2019 17:55
670,11/2/2017,2.900000095,2.957000017,2.881000042,2.934999943,184935,4/19/2019 17:55
671,11/3/2017,2.934999943,2.997999907,2.930000067,2.983999968,143210,4/19/2019 17:55
672,11/6/2017,3.085000038,3.142999887,3.051000118,3.134000063,267645,4/19/2019 17:55
673,11/7/2017,3.125,3.176000118,3.088000059,3.15199995,247518,4/19/2019 17:55
674,11/8/2017,3.151000023,3.190000057,3.114000082,3.174999952,210306,4/19/2019 17:55
675,11/9/2017,3.15199995,3.217000008,3.15199995,3.200000048,247726,4/19/2019 17:55
676,11/10/2017,3.207999945,3.223999977,3.171000004,3.213000059,179748,4/19/2019 17:55
677,11/13/2017,3.200000048,3.230999947,3.127000093,3.167000055,208595,4/19/2019 17:55
678,11/14/2017,3.141000032,3.148999929,3.063999891,3.101999998,219937,4/19/2019 17:55
679,11/15/2017,3.078000069,3.153000116,3.052000046,3.079999924,192702,4/19/2019 17:55
680,11/16/2017,3.086999893,3.109999895,3.046000004,3.052999973,186922,4/19/2019 17:55
681,11/17/2017,3.072000027,3.134000063,3.059000015,3.096999884,191293,4/19/2019 17:55
682,11/20/2017,3.069999933,3.088999987,3.026000023,3.046999931,160174,4/19/2019 17:55
683,11/21/2017,3.032000065,3.063999891,3.012000084,3.01699996,133594,4/19/2019 17:55
684,11/22/2017,3.013000011,3.02699995,2.954999924,2.967999935,139397,4/19/2019 17:55
685,11/24/2017,2.960999966,2.986000061,2.796999931,2.812999964,94878,4/19/2019 17:55
686,11/27/2017,2.927000046,2.950000048,2.875999928,2.927999973,56306,4/19/2019 17:55
687,11/28/2017,2.947000027,3.101999998,2.944999933,3.073999882,13122,4/19/2019 17:55
688,11/29/2017,3.131000042,3.217999935,3.127000093,3.178999901,230343,4/19/2019 17:55
689,11/30/2017,3.174999952,3.194000006,3.007999897,3.025000095,317425,4/19/2019 17:55
690,12/1/2017,3.032000065,3.117000103,3.029000044,3.061000109,213443,4/19/2019 17:55
691,12/4/2017,3.09100008,3.127000093,2.953000069,2.984999895,238226,4/19/2019 17:55
692,12/5/2017,2.976000071,2.997999907,2.875,2.914000034,240838,4/19/2019 17:55
693,12/6/2017,2.910000086,2.960999966,2.884000063,2.921999931,178775,4/19/2019 17:55
694,12/7/2017,2.910000086,2.921999931,2.746999979,2.763000011,392520,4/19/2019 17:55
695,12/8/2017,2.769000053,2.819999933,2.756999969,2.772000074,233766,4/19/2019 17:55
696,12/11/2017,2.83100009,2.84800005,2.792999983,2.828000069,196702,4/19/2019 17:55
697,12/12/2017,2.801000118,2.844000101,2.673000097,2.677999973,312864,4/19/2019 17:55
698,12/13/2017,2.696000099,2.750999928,2.655999899,2.714999914,256783,4/19/2019 17:55
699,12/14/2017,2.703999996,2.717000008,2.642999887,2.684000015,205087,4/19/2019 17:55
700,12/15/2017,2.686000109,2.732000113,2.58100009,2.611999989,190914,4/19/2019 17:55
701,12/18/2017,2.650000095,2.778000116,2.634000063,2.744999886,231827,4/19/2019 17:55
702,12/19/2017,2.733999968,2.769000053,2.687999964,2.691999912,219344,4/19/2019 17:55
703,12/20/2017,2.721999884,2.756000042,2.609999895,2.637000084,183119,4/19/2019 17:55
704,12/21/2017,2.654000044,2.66899991,2.568000078,2.59800005,177652,4/19/2019 17:55
705,12/22/2017,2.619999886,2.681999922,2.582999945,2.667000055,68187,4/19/2019 17:55
706,12/26/2017,2.707999945,2.779999971,2.630000114,2.642999887,81462,4/19/2019 17:55
707,12/27/2017,2.638999939,2.762000084,2.59800005,2.737999916,19110,4/19/2019 17:55
708,12/28/2017,2.749000072,2.944999933,2.733999968,2.914000034,313122,4/19/2019 17:55
709,12/29/2017,2.930000067,3.007999897,2.920000076,2.953000069,272657,4/19/2019 17:55
710,1/2/2018,3.029999971,3.096999884,2.923000097,3.055999994,320176,4/19/2019 17:55
711,1/3/2018,3.039999962,3.055999994,2.959000111,3.007999897,269889,4/19/2019 17:55
712,1/4/2018,3.015000105,3.069999933,2.839999914,2.880000114,319705,4/19/2019 17:55
713,1/5/2018,2.877000093,2.887000084,2.746000051,2.795000076,230946,4/19/2019 17:55
714,1/8/2018,2.812000036,2.868999958,2.78399992,2.835000038,228242,4/19/2019 17:55
715,1/9/2018,2.838000059,2.96600008,2.825000048,2.923000097,288553,4/19/2019 17:55
716,1/10/2018,2.961999893,2.989000082,2.868999958,2.905999899,254155,4/19/2019 17:55
717,1/11/2018,2.905999899,3.138999939,2.884000063,3.084000111,405113,4/19/2019 17:55
718,1/12/2018,3.137000084,3.223999977,3.069999933,3.200000048,415933,4/19/2019 17:55
719,1/16/2018,3.131000042,3.176000118,3.039000034,3.128999949,332451,4/19/2019 17:55
720,1/17/2018,3.125,3.288000107,3.09800005,3.232000113,283967,4/19/2019 17:55
721,1/18/2018,3.250999928,3.25999999,3.069999933,3.188999891,293577,4/19/2019 17:55
722,1/19/2018,3.197999954,3.246000051,3.132999897,3.184999943,224665,4/19/2019 17:55
723,1/22/2018,3.252000093,3.269000053,3.142999887,3.223999977,201676,4/19/2019 17:55
724,1/23/2018,3.253999949,3.628000021,3.249000072,3.444000006,291378,4/19/2019 17:55
725,1/24/2018,3.540999889,3.624000072,3.404000044,3.509000063,213630,4/19/2019 17:55
726,1/25/2018,3.438999891,3.58100009,3.398000002,3.447000027,84785,4/19/2019 17:55
727,1/26/2018,3.437000036,3.611000061,3.410000086,3.505000114,75224,4/19/2019 17:55
728,1/29/2018,3.390000105,3.661000013,3.296999931,3.631000042,20414,4/19/2019 17:55
729,1/30/2018,3.187000036,3.259000063,3.161000013,3.194999933,257758,4/19/2019 17:55
730,1/31/2018,3.164999962,3.183000088,2.948999882,2.994999886,334638,4/19/2019 17:55
731,2/1/2018,2.95600009,2.977999926,2.836999893,2.855999947,359410,4/19/2019 17:55
732,2/2/2018,2.891000032,2.920000076,2.839999914,2.845999956,184073,4/19/2019 17:55
733,2/5/2018,2.825000048,2.880000114,2.736000061,2.746999979,200176,4/19/2019 17:55
734,2/6/2018,2.76699996,2.785000086,2.694999933,2.759000063,185164,4/19/2019 17:55
735,2/7/2018,2.760999918,2.782000065,2.687999964,2.701999903,220437,4/19/2019 17:55
736,2/8/2018,2.701999903,2.757999897,2.680999994,2.697000027,191585,4/19/2019 17:55
737,2/9/2018,2.694000006,2.703999996,2.575999975,2.584000111,236204,4/19/2019 17:55
738,2/12/2018,2.553999901,2.607000113,2.538000107,2.552000046,196427,4/19/2019 17:55
739,2/13/2018,2.565999985,2.64199996,2.562000036,2.594000101,203096,4/19/2019 17:55
740,2/14/2018,2.60800004,2.622999907,2.552999973,2.586999893,175161,4/19/2019 17:55
741,2/15/2018,2.612999916,2.622999907,2.529999971,2.579999924,163821,4/19/2019 17:55
742,2/16/2018,2.584000111,2.588999987,2.539000034,2.558000088,112338,4/19/2019 17:55
743,2/18/2018,2.569999933,2.586999893,2.568000078,2.582000017,0,4/19/2019 17:55
744,2/19/2018,2.582000017,2.618000031,2.562000036,2.605999947,0,4/19/2019 17:55
745,2/20/2018,2.568000078,2.661999941,2.562000036,2.615999937,147855,4/19/2019 17:55
746,2/21/2018,2.638000011,2.680000067,2.565000057,2.65899992,125222,4/19/2019 17:55
747,2/22/2018,2.657000065,2.670000076,2.607000113,2.634000063,60419,4/19/2019 17:55
748,2/23/2018,2.618999958,2.632999897,2.555000067,2.625,66996,4/19/2019 17:55
749,2/26/2018,2.63499999,2.680000067,2.585999966,2.638999939,13759,4/19/2019 17:55
750,2/27/2018,2.681999922,2.701999903,2.632999897,2.683000088,122830,4/19/2019 17:55
751,2/28/2018,2.693000078,2.710000038,2.65899992,2.667000055,133147,4/19/2019 17:55
752,3/1/2018,2.667999983,2.730999947,2.64199996,2.697999954,206388,4/19/2019 17:55
753,3/2/2018,2.693000078,2.727999926,2.686000109,2.694999933,137999,4/19/2019 17:55
754,3/5/2018,2.717000008,2.726000071,2.673000097,2.703999996,118016,4/19/2019 17:55
755,3/6/2018,2.70600009,2.756999969,2.701999903,2.749000072,132005,4/19/2019 17:55
756,3/7/2018,2.75,2.789000034,2.743999958,2.77699995,144973,4/19/2019 17:55
757,3/8/2018,2.786000013,2.792999983,2.736999989,2.756000042,148183,4/19/2019 17:55
758,3/9/2018,2.742000103,2.752000093,2.711999893,2.732000113,131468,4/19/2019 17:55
759,3/12/2018,2.730999947,2.803999901,2.717999935,2.778000116,163455,4/19/2019 17:55
760,3/13/2018,2.788000107,2.811000109,2.776000023,2.786000013,146848,4/19/2019 17:55
761,3/14/2018,2.786999941,2.798000097,2.710000038,2.730999947,146222,4/19/2019 17:55
762,3/15/2018,2.737999916,2.75,2.664000034,2.680999994,147708,4/19/2019 17:55
763,3/16/2018,2.684999943,2.700999975,2.667000055,2.687999964,78672,4/19/2019 17:55
764,3/19/2018,2.683000088,2.710000038,2.640000105,2.651000023,115506,4/19/2019 17:55
765,3/20/2018,2.660000086,2.694999933,2.650000095,2.674999952,126457,4/19/2019 17:55
766,3/21/2018,2.677000046,2.707999945,2.634000063,2.638000011,135651,4/19/2019 17:55
767,3/22/2018,2.648000002,2.667000055,2.611000061,2.617000103,103060,4/19/2019 17:55
768,3/23/2018,2.618999958,2.627000093,2.578999996,2.59100008,57008,4/19/2019 17:55
769,3/26/2018,2.588000059,2.64199996,2.565000057,2.618000031,52520,4/19/2019 17:55
770,3/27/2018,2.631000042,2.707000017,2.622999907,2.690999985,9727,4/19/2019 17:55
771,3/28/2018,2.717999935,2.730999947,2.690000057,2.697999954,85532,4/19/2019 17:55
772,3/29/2018,2.70600009,2.763999939,2.697999954,2.73300004,160014,4/19/2019 17:55
773,4/2/2018,2.730000019,2.759000063,2.650000095,2.683000088,165214,4/19/2019 17:55
774,4/3/2018,2.678999901,2.707000017,2.667000055,2.697000027,112561,4/19/2019 17:55
775,4/4/2018,2.696000099,2.746000051,2.674999952,2.717999935,139580,4/19/2019 17:55
776,4/5/2018,2.711999893,2.714999914,2.651000023,2.674999952,160236,4/19/2019 17:55
777,4/6/2018,2.680000067,2.717000008,2.674999952,2.700999975,135394,4/19/2019 17:55
778,4/9/2018,2.678999901,2.703999996,2.640000105,2.693000078,220804,4/19/2019 17:55
779,4/10/2018,2.698999882,2.726000071,2.642999887,2.655999899,219226,4/19/2019 17:55
780,4/11/2018,2.661000013,2.690000057,2.621000051,2.674999952,180073,4/19/2019 17:55
781,4/12/2018,2.674999952,2.700000048,2.647000074,2.686000109,179513,4/19/2019 17:55
782,4/13/2018,2.688999891,2.75999999,2.674000025,2.734999895,167242,4/19/2019 17:55
783,4/16/2018,2.753000021,2.779000044,2.739000082,2.752000093,116448,4/19/2019 17:55
784,4/17/2018,2.746999979,2.760999918,2.710999966,2.737999916,94016,4/19/2019 17:55
785,4/18/2018,2.740999937,2.789999962,2.733999968,2.739000082,128915,4/19/2019 17:55
786,4/19/2018,2.743999958,2.750999928,2.657999992,2.660000086,233754,4/19/2019 17:55
787,4/20/2018,2.674999952,2.746000051,2.657999992,2.739000082,162640,4/19/2019 17:55
788,4/23/2018,2.744999886,2.756999969,2.70600009,2.74000001,110246,4/19/2019 17:55
789,4/24/2018,2.744999886,2.789000034,2.727999926,2.780999899,63431,4/19/2019 17:55
790,4/25/2018,2.782000065,2.798000097,2.755000114,2.786000013,57673,4/19/2019 17:55
791,4/26/2018,2.786999941,2.838999987,2.779000044,2.821000099,9917,4/19/2019 17:55
792,4/27/2018,2.825999975,2.834000111,2.767999887,2.770999908,129328,4/19/2019 17:55
793,4/30/2018,2.763000011,2.778000116,2.727999926,2.763000011,128248,4/19/2019 17:55
794,5/1/2018,2.763999939,2.819999933,2.759000063,2.802000046,166920,4/19/2019 17:55
795,5/2/2018,2.805000067,2.811000109,2.744999886,2.753999949,126751,4/19/2019 17:55
796,5/3/2018,2.759000063,2.773000002,2.700000048,2.726000071,161671,4/19/2019 17:55
797,5/4/2018,2.730999947,2.742000103,2.701999903,2.710999966,113276,4/19/2019 17:55
798,5/7/2018,2.710000038,2.769999981,2.694999933,2.740999937,160122,4/19/2019 17:55
799,5/8/2018,2.736000061,2.773000002,2.70600009,2.732000113,153614,4/19/2019 17:55
800,5/9/2018,2.739000082,2.759000063,2.724999905,2.736999989,117167,4/19/2019 17:55
801,5/10/2018,2.736000061,2.819999933,2.709000111,2.813999891,242955,4/19/2019 17:55
802,5/11/2018,2.808000088,2.819999933,2.792999983,2.805999994,119502,4/19/2019 17:55
803,5/14/2018,2.825000048,2.846999884,2.798000097,2.842000008,130605,4/19/2019 17:55
804,5/15/2018,2.834000111,2.864000082,2.823999882,2.835999966,107086,4/19/2019 17:55
805,5/16/2018,2.826999903,2.844000101,2.809000015,2.815000057,105943,4/19/2019 17:55
806,5/17/2018,2.816999912,2.861999989,2.779999971,2.858999968,182971,4/19/2019 17:55
807,5/18/2018,2.852999926,2.869999886,2.832000017,2.846999884,110778,4/19/2019 17:55
808,5/21/2018,2.825999975,2.846999884,2.805999994,2.809999943,127049,4/19/2019 17:55
809,5/22/2018,2.826999903,2.917000055,2.815999985,2.907999992,181131,4/19/2019 17:55
810,5/23/2018,2.90199995,2.938999891,2.898000002,2.914000034,111803,4/19/2019 17:55
811,5/24/2018,2.924000025,2.940999985,2.904000044,2.940000057,66352,4/19/2019 17:55
812,5/25/2018,2.930999994,2.963999987,2.911999941,2.938999891,77032,4/19/2019 17:55
813,5/28/2018,2.963999987,3.000999928,2.940000057,2.974999905,0,4/19/2019 17:55
814,5/29/2018,2.946000099,2.967999935,2.838000059,2.875,11201,4/19/2019 17:55
815,5/30/2018,2.901000023,2.905999899,2.867000103,2.88499999,103499,4/19/2019 17:55
816,5/31/2018,2.891000032,2.987999916,2.887000084,2.951999903,192343,4/19/2019 17:55
817,6/1/2018,2.950999975,2.98300004,2.931999922,2.961999893,90936,4/19/2019 17:55
818,6/4/2018,2.973999977,2.980000019,2.923000097,2.930000067,100049,4/19/2019 17:55
819,6/5/2018,2.920000076,2.930999994,2.874000072,2.890000105,122194,4/19/2019 17:55
820,6/6/2018,2.888000011,2.911999941,2.872999907,2.895999908,106066,4/19/2019 17:55
821,6/7/2018,2.900000095,2.986999989,2.895999908,2.930000067,213147,4/19/2019 17:55
822,6/8/2018,2.934000015,2.936000109,2.875,2.890000105,158581,4/19/2019 17:55
823,6/11/2018,2.927000046,2.96600008,2.911999941,2.948999882,192022,4/19/2019 17:55
824,6/12/2018,2.953999996,2.987999916,2.917000055,2.938999891,170252,4/19/2019 17:55
825,6/13/2018,2.940999985,2.979000092,2.915999889,2.963000059,163496,4/19/2019 17:55
826,6/14/2018,2.957999945,2.976000071,2.930000067,2.964999914,128821,4/19/2019 17:55
827,6/15/2018,2.96600008,3.03399992,2.96600008,3.022000074,169685,4/19/2019 17:55
828,6/18/2018,3.051000118,3.052999973,2.944999933,2.950999975,164885,4/19/2019 17:55
829,6/19/2018,2.951999903,2.954999924,2.887000084,2.900000095,148888,4/19/2019 17:55
830,6/20/2018,2.917999983,2.969000101,2.911999941,2.963999987,141781,4/19/2019 17:55
831,6/21/2018,2.96600008,3.012000084,2.947000027,2.974999905,129672,4/19/2019 17:55
832,6/22/2018,2.982000113,2.990999937,2.926000118,2.944999933,101303,4/19/2019 17:55
833,6/25/2018,2.926000118,2.943000078,2.897000074,2.923000097,54241,4/19/2019 17:55
834,6/26/2018,2.930999994,2.954999924,2.907000065,2.938999891,39903,4/19/2019 17:55
835,6/27/2018,2.953999996,3.006999969,2.950000048,2.996000051,10062,4/19/2019 17:55
836,6/28/2018,2.987999916,3.020999908,2.930000067,2.940000057,157118,4/19/2019 17:55
837,6/29/2018,2.950999975,2.953999996,2.910000086,2.924000025,116419,4/19/2019 17:55
838,7/2/2018,2.920000076,2.927000046,2.851999998,2.861999989,165518,4/19/2019 17:55
839,7/3/2018,2.861000061,2.903000116,2.851999998,2.869999886,121584,4/19/2019 17:55
840,7/4/2018,2.848999977,2.892999887,2.822000027,2.84100008,0,4/19/2019 17:55
841,7/5/2018,2.85800004,2.894000053,2.822000027,2.836999893,128995,4/19/2019 17:55
842,7/6/2018,2.829999924,2.861999989,2.823999882,2.85800004,105972,4/19/2019 17:55
843,7/9/2018,2.838999987,2.86500001,2.816999912,2.828000069,126582,4/19/2019 17:55
844,7/10/2018,2.828999996,2.835000038,2.782000065,2.788000107,127274,4/19/2019 17:55
845,7/11/2018,2.786999941,2.832000017,2.779999971,2.828999996,111015,4/19/2019 17:55
846,7/12/2018,2.822000027,2.826999903,2.789000034,2.796999931,114889,4/19/2019 17:55
847,7/13/2018,2.802000046,2.812000036,2.75,2.752000093,134285,4/19/2019 17:55
848,7/16/2018,2.765000105,2.778000116,2.734999895,2.759000063,110054,4/19/2019 17:55
849,7/17/2018,2.767999887,2.788000107,2.730999947,2.74000001,109351,4/19/2019 17:55
850,7/18/2018,2.743999958,2.753999949,2.720000029,2.720999956,111413,4/19/2019 17:55
851,7/19/2018,2.730999947,2.776000023,2.703999996,2.769000053,134437,4/19/2019 17:55
852,7/20/2018,2.76699996,2.78399992,2.753999949,2.756999969,92132,4/19/2019 17:55
853,7/23/2018,2.736999989,2.740999937,2.713000059,2.720999956,109970,4/19/2019 17:55
854,7/24/2018,2.72300005,2.743999958,2.710000038,2.732000113,78517,4/19/2019 17:55
855,7/25/2018,2.739000082,2.779999971,2.734999895,2.775000095,45441,4/19/2019 17:55
856,7/26/2018,2.77699995,2.799000025,2.769000053,2.779999971,44274,4/19/2019 17:55
857,7/27/2018,2.775000095,2.83100009,2.769000053,2.822000027,6924,4/19/2019 17:55
858,7/30/2018,2.79399991,2.813999891,2.766000032,2.796999931,124253,4/19/2019 17:55
859,7/31/2018,2.801000118,2.83100009,2.772000074,2.782000065,154916,4/19/2019 17:55
860,8/1/2018,2.779999971,2.788000107,2.743999958,2.757999897,118788,4/19/2019 17:55
861,8/2/2018,2.744999886,2.828000069,2.74000001,2.815999985,175996,4/19/2019 17:55
862,8/3/2018,2.819000006,2.861999989,2.813999891,2.852999926,150124,4/19/2019 17:55
863,8/6/2018,2.851000071,2.86500001,2.822000027,2.859999895,99786,4/19/2019 17:55
864,8/7/2018,2.861000061,2.900000095,2.857000113,2.897000074,153532,4/19/2019 17:55
865,8/8/2018,2.892999887,2.950999975,2.884000063,2.948999882,195739,4/19/2019 17:55
866,8/9/2018,2.943000078,2.959000111,2.930000067,2.954999924,177236,4/19/2019 17:55
867,8/10/2018,2.946000099,2.954999924,2.917000055,2.944000006,140737,4/19/2019 17:55
868,8/13/2018,2.936000109,2.946000099,2.897000074,2.930000067,126594,4/19/2019 17:55
869,8/14/2018,2.926000118,2.973999977,2.921999931,2.959000111,123286,4/19/2019 17:55
870,8/15/2018,2.951999903,2.963000059,2.930000067,2.940000057,93169,4/19/2019 17:55
871,8/16/2018,2.938999891,2.948999882,2.891000032,2.907999992,125459,4/19/2019 17:55
872,8/17/2018,2.907999992,2.967999935,2.907999992,2.946000099,119417,4/19/2019 17:55
873,8/20/2018,2.940000057,2.953999996,2.903000116,2.940999985,123494,4/19/2019 17:55
874,8/21/2018,2.953000069,2.990999937,2.953000069,2.980000019,112317,4/19/2019 17:55
875,8/22/2018,2.990999937,2.993000031,2.953000069,2.95600009,96252,4/19/2019 17:55
876,8/23/2018,2.957999945,2.982000113,2.934999943,2.963999987,106844,4/19/2019 17:55
877,8/24/2018,2.971999884,2.979000092,2.911000013,2.917000055,101424,4/19/2019 17:55
878,8/27/2018,2.907999992,2.914999962,2.874000072,2.875999928,61681,4/19/2019 17:55
879,8/28/2018,2.875999928,2.882999897,2.845000029,2.851999998,41928,4/19/2019 17:55
880,8/29/2018,2.857000113,2.904999971,2.842999935,2.894999981,7574,4/19/2019 17:55
881,8/30/2018,2.875,2.890000105,2.84100008,2.874000072,116910,4/19/2019 17:55
882,8/31/2018,2.885999918,2.930999994,2.881999969,2.915999889,121714,4/19/2019 17:55
883,9/2/2018,2.901000023,2.90199995,2.881999969,2.897000074,0,4/19/2019 17:55
884,9/3/2018,2.895999908,2.895999908,2.819999933,2.86500001,0,4/19/2019 17:55
885,9/4/2018,2.900000095,2.904000044,2.812000036,2.822999954,217010,4/19/2019 17:55
886,9/5/2018,2.815000057,2.842999935,2.786000013,2.795000076,138639,4/19/2019 17:55
887,9/6/2018,2.792999983,2.796999931,2.765000105,2.772000074,141042,4/19/2019 17:55
888,9/7/2018,2.77699995,2.785000086,2.759000063,2.776000023,112500,4/19/2019 17:55
889,9/10/2018,2.769999981,2.813999891,2.752000093,2.803999901,160402,4/19/2019 17:55
890,9/11/2018,2.806999922,2.835999966,2.785000086,2.828000069,135665,4/19/2019 17:55
891,9/12/2018,2.828000069,2.868999958,2.818000078,2.828999996,156788,4/19/2019 17:55
892,9/13/2018,2.823999882,2.855999947,2.805000067,2.816999912,143259,4/19/2019 17:55
893,9/14/2018,2.809999943,2.813999891,2.762000084,2.76699996,151714,4/19/2019 17:55
894,9/17/2018,2.773999929,2.829999924,2.772000074,2.813999891,174821,4/19/2019 17:55
895,9/18/2018,2.813999891,2.937000036,2.811000109,2.933000088,238589,4/19/2019 17:55
896,9/19/2018,2.926000118,2.947999954,2.898000002,2.907999992,148133,4/19/2019 17:55
897,9/20/2018,2.904000044,2.990999937,2.885999918,2.976000071,192073,4/19/2019 17:55
898,9/21/2018,2.961999893,2.989000082,2.937999964,2.976999998,118893,4/19/2019 17:55
899,9/24/2018,2.97300005,3.048000097,2.950999975,3.038000107,80660,4/19/2019 17:55
900,9/25/2018,3.042999983,3.086999893,3.019999981,3.082000017,62946,4/19/2019 17:55
901,9/26/2018,3.078999996,3.088000059,2.980999947,3.020999908,12688,4/19/2019 17:55
902,9/27/2018,2.971999884,3.111000061,2.963000059,3.055999994,250438,4/19/2019 17:55
903,9/28/2018,3.056999922,3.062000036,2.976999998,3.007999897,166734,4/19/2019 17:55
904,10/1/2018,3.006999969,3.117000103,3.000999928,3.094000101,202839,4/19/2019 17:55
905,10/2/2018,3.114000082,3.194000006,3.108999968,3.165999889,239367,4/19/2019 17:55
906,10/3/2018,3.164000034,3.260999918,3.154999971,3.230000019,207041,4/19/2019 17:55
907,10/4/2018,3.237999916,3.25,3.128999949,3.164999962,242158,4/19/2019 17:55
908,10/5/2018,3.188999891,3.223999977,3.108999968,3.142999887,199270,4/19/2019 17:55
909,10/8/2018,3.181999922,3.29399991,3.174000025,3.26699996,233743,4/19/2019 17:55
910,10/9/2018,3.280999899,3.368000031,3.236999989,3.266000032,287648,4/19/2019 17:55
911,10/10/2018,3.305999994,3.35800004,3.250999928,3.28399992,236725,4/19/2019 17:55
912,10/11/2018,3.276000023,3.286999941,3.153000116,3.221999884,264678,4/19/2019 17:55
913,10/12/2018,3.233999968,3.269999981,3.138000011,3.161000013,176415,4/19/2019 17:55
914,10/15/2018,3.223999977,3.273000002,3.177000046,3.242000103,159110,4/19/2019 17:55
915,10/16/2018,3.257999897,3.311000109,3.210000038,3.239000082,132488,4/19/2019 17:55
916,10/17/2018,3.253000021,3.339999914,3.24000001,3.319999933,157395,4/19/2019 17:55
917,10/18/2018,3.319000006,3.322999954,3.193000078,3.197999954,183520,4/19/2019 17:55
918,10/19/2018,3.226000071,3.257999897,3.154999971,3.25,142392,4/19/2019 17:55
919,10/22/2018,3.226999998,3.246999979,3.125999928,3.138000011,172062,4/19/2019 17:55
920,10/23/2018,3.134000063,3.24000001,3.111000061,3.211999893,178745,4/19/2019 17:55
921,10/24/2018,3.21600008,3.25,3.15899992,3.165999889,113607,4/19/2019 17:55
922,10/25/2018,3.184999943,3.23300004,3.153000116,3.201999903,63881,4/19/2019 17:55
923,10/26/2018,3.16899991,3.203000069,3.101999998,3.184999943,64445,4/19/2019 17:55
924,10/29/2018,3.138999939,3.198999882,3.099999905,3.184999943,10672,4/19/2019 17:55
925,10/30/2018,3.184000015,3.280999899,3.165999889,3.187000036,146788,4/19/2019 17:55
926,10/31/2018,3.210000038,3.29399991,3.207000017,3.260999918,175407,4/19/2019 17:55
927,11/1/2018,3.28399992,3.318000078,3.21600008,3.236999989,152755,4/19/2019 17:55
928,11/2/2018,3.239000082,3.312999964,3.165999889,3.28399992,168964,4/19/2019 17:55
929,11/5/2018,3.470999956,3.575999975,3.437000036,3.566999912,307244,4/19/2019 17:55
930,11/6/2018,3.549999952,3.58100009,3.513999939,3.555000067,178558,4/19/2019 17:55
931,11/7/2018,3.542999983,3.559999943,3.486000061,3.555000067,173381,4/19/2019 17:55
932,11/8/2018,3.529999971,3.568000078,3.493000031,3.542999983,166771,4/19/2019 17:55
933,11/9/2018,3.555000067,3.823999882,3.552000046,3.719000101,288059,4/19/2019 17:55
934,11/12/2018,3.744999886,3.953999996,3.734999895,3.788000107,243969,4/19/2019 17:55
935,11/13/2018,3.934000015,4.110000134,3.90199995,4.100999832,345403,4/19/2019 17:55
936,11/14/2018,4.072000027,4.928999901,4.050000191,4.836999893,459196,4/19/2019 17:55
937,11/15/2018,4.671999931,4.800000191,3.881999969,4.038000107,362508,4/19/2019 17:55
938,11/16/2018,3.907000065,4.389999866,3.907000065,4.271999836,270717,4/19/2019 17:55
939,11/19/2018,4.625,4.778999805,4.427000046,4.699999809,264570,4/19/2019 17:55
940,11/20/2018,4.583000183,4.671999931,4.274000168,4.522999763,238948,4/19/2019 17:55
941,11/21/2018,4.535999775,4.863999844,4.420000076,4.451000214,197741,4/19/2019 17:55
942,11/22/2018,4.485000134,4.53000021,4.118999958,4.268000126,0,4/19/2019 17:55
943,11/23/2018,4.471000195,4.563000202,4.117000103,4.308000088,121022,4/19/2019 17:55
944,11/26/2018,4.06799984,4.282000065,3.99000001,4.248000145,67981,4/19/2019 17:55
945,11/27/2018,4.223999977,4.324999809,4.104000092,4.262000084,62830,4/19/2019 17:55
946,11/28/2018,4.198999882,4.806000233,4.190000057,4.715000153,18260,4/19/2019 17:55
947,11/29/2018,4.671000004,4.673999786,4.452000141,4.645999908,191435,4/19/2019 17:55
948,11/30/2018,4.584000111,4.776000023,4.47300005,4.611999989,167700,4/19/2019 17:55
949,12/3/2018,4.52699995,4.535999775,4.243000031,4.339000225,190568,4/19/2019 17:55
950,12/4/2018,4.392000198,4.573999882,4.357999802,4.456999779,159868,4/19/2019 17:55
951,12/5/2018,4.518000126,4.630000114,4.403999805,4.468999863,105111,4/19/2019 17:55
952,12/6/2018,4.449999809,4.488999844,4.270999908,4.327000141,132563,4/19/2019 17:55
953,12/7/2018,4.34800005,4.570000172,4.230999947,4.487999916,182159,4/19/2019 17:55
954,12/10/2018,4.590000153,4.665999889,4.389999866,4.545000076,190053,4/19/2019 17:55
955,12/11/2018,4.506999969,4.586999893,4.34800005,4.407000065,175748,4/19/2019 17:55
956,12/12/2018,4.362999916,4.407000065,4.080999851,4.136000156,198284,4/19/2019 17:55
957,12/13/2018,4.096000195,4.30700016,4.050000191,4.124000072,193403,4/19/2019 17:55
958,12/14/2018,4.072999954,4.093999863,3.786999941,3.826999903,163126,4/19/2019 17:55
959,12/17/2018,3.619999886,3.742000103,3.516000032,3.528000116,142406,4/19/2019 17:55
960,12/18/2018,3.595999956,3.849999905,3.565999985,3.838000059,149555,4/19/2019 17:55
961,12/19/2018,3.838999987,3.892999887,3.562999964,3.726000071,136944,4/19/2019 17:55
962,12/20/2018,3.732000113,3.937999964,3.572000027,3.582999945,151305,4/19/2019 17:55
963,12/21/2018,3.680999994,3.828999996,3.595000029,3.815999985,99255,4/19/2019 17:55
964,12/24/2018,3.757999897,3.845999956,3.448999882,3.467000008,44120,4/19/2019 17:55
965,12/25/2018,3.415999889,3.496999979,3.405999899,3.49000001,0,4/19/2019 17:55
966,12/26/2018,3.45600009,3.585999966,3.315000057,3.542999983,42121,4/19/2019 17:55
967,12/27/2018,3.5,3.665999889,3.440999985,3.64199996,10236,4/19/2019 17:55
968,12/28/2018,3.506999969,3.52699995,3.278000116,3.302999973,132470,4/19/2019 17:55
969,12/31/2018,3.125,3.140000105,2.930000067,2.940000057,160853,4/19/2019 17:55
970,1/1/2019,2.931999922,2.993000031,2.921999931,2.982000113,0,4/19/2019 17:55
971,1/2/2019,2.921000004,3.039000034,2.904999971,2.957999945,147676,4/19/2019 17:55
972,1/3/2019,2.963000059,3.010999918,2.878000021,2.944999933,115803,4/19/2019 17:55
973,1/4/2019,2.914000034,3.049000025,2.894000053,3.04399991,122576,4/19/2019 17:55
974,1/7/2019,2.961999893,2.993999958,2.910000086,2.944000006,109247,4/19/2019 17:55
975,1/8/2019,2.950000048,3.052999973,2.947999954,2.967000008,132229,4/19/2019 17:55
976,1/9/2019,3.007999897,3.019000053,2.938999891,2.983999968,120962,4/19/2019 17:55
977,1/10/2019,2.99000001,3.088999987,2.960999966,2.969000101,154176,4/19/2019 17:55
978,1/11/2019,2.994999886,3.165999889,2.990999937,3.098999977,135464,4/19/2019 17:55
979,1/14/2019,3.325000048,3.618000031,3.280999899,3.59100008,224296,4/19/2019 17:55
980,1/15/2019,3.631000042,3.721999884,3.433000088,3.500999928,184629,4/19/2019 17:55
981,1/16/2019,3.45600009,3.696000099,3.338000059,3.384000063,191996,4/19/2019 17:55
982,1/17/2019,3.411999941,3.592999935,3.367000103,3.413000107,158111,4/19/2019 17:55
983,1/18/2019,3.436000109,3.499000072,3.200999975,3.482000113,160238,4/19/2019 17:55
984,1/20/2019,3.319000006,3.344000101,3.312000036,3.322999954,0,4/19/2019 17:55
985,1/21/2019,3.322000027,3.357000113,3.232000113,3.319999933,0,4/19/2019 17:55
986,1/22/2019,3.326999903,3.361000061,3.026000023,3.039999962,183142,4/19/2019 17:55
987,1/23/2019,3.058000088,3.167000055,2.957000017,2.980000019,132844,4/19/2019 17:55
988,1/24/2019,3.025000095,3.155999899,2.987999916,3.098999977,97939,4/19/2019 17:55
989,1/25/2019,3.160000086,3.207000017,3.046999931,3.177999973,52017,4/19/2019 17:55
990,1/28/2019,2.926000118,2.98300004,2.888000011,2.911000013,45802,4/19/2019 17:55
991,1/29/2019,2.924999952,2.970000029,2.789000034,2.950000048,12979,4/19/2019 17:55
992,1/30/2019,2.90899992,2.91899991,2.845999956,2.854000092,92035,4/19/2019 17:55
993,1/31/2019,2.868000031,2.917999983,2.802000046,2.813999891,130106,4/19/2019 17:55
994,2/1/2019,2.832000017,2.849999905,2.730000019,2.733999968,124495,4/19/2019 17:55
995,2/4/2019,2.704999924,2.73300004,2.654999971,2.660000086,116490,4/19/2019 17:55
996,2/5/2019,2.665999889,2.707999945,2.638999939,2.661999941,82246,4/19/2019 17:55
997,2/6/2019,2.684999943,2.720000029,2.651000023,2.661999941,98332,4/19/2019 17:55
998,2/7/2019,2.681999922,2.690999985,2.549000025,2.551000118,211794,4/19/2019 17:55
999,2/8/2019,2.572999954,2.619999886,2.558000088,2.582999945,147876,4/19/2019 17:55
1000,2/11/2019,2.650000095,2.743999958,2.638000011,2.64199996,202418,4/19/2019 17:55
1001,2/12/2019,2.647000074,2.697999954,2.618000031,2.687999964,169233,4/19/2019 17:55
1002,2/13/2019,2.664999962,2.66899991,2.558000088,2.575000048,185480,4/19/2019 17:55
1003,2/14/2019,2.59100008,2.612999916,2.565999985,2.572999954,101556,4/19/2019 17:55
1004,2/15/2019,2.572000027,2.637000084,2.542999983,2.625,98409,4/19/2019 17:55
1005,2/17/2019,2.618999958,2.628000021,2.611000061,2.618000031,0,4/19/2019 17:55
1006,2/18/2019,2.618999958,2.663000107,2.601999998,2.645999908,0,4/19/2019 17:55
1007,2/19/2019,2.621000051,2.673000097,2.599999905,2.661999941,151748,4/19/2019 17:55
1008,2/20/2019,2.660000086,2.688999891,2.631000042,2.635999918,110138,4/19/2019 17:55
1009,2/21/2019,2.645999908,2.707999945,2.638999939,2.697000027,97901,4/19/2019 17:55
1010,2/22/2019,2.700999975,2.726000071,2.674999952,2.717000008,35118,4/19/2019 17:55
1011,2/25/2019,2.756999969,2.851000071,2.73300004,2.835999966,80154,4/19/2019 17:55
1012,2/26/2019,2.842999935,2.907999992,2.815999985,2.855000019,14315,4/19/2019 17:55
1013,2/27/2019,2.767999887,2.812000036,2.732000113,2.799000025,94052,4/19/2019 17:55
1014,2/28/2019,2.808000088,2.842999935,2.786999941,2.812000036,118344,4/19/2019 17:55
1015,3/1/2019,2.805000067,2.871999979,2.779999971,2.858999968,134663,4/19/2019 17:55
1016,3/4/2019,2.845000029,2.888000011,2.821000099,2.857000113,103657,4/19/2019 17:55
1017,3/5/2019,2.855999947,2.89199996,2.84100008,2.884000063,103057,4/19/2019 17:55
1018,3/6/2019,2.888999939,2.895999908,2.822000027,2.84100008,119633,4/19/2019 17:55
1019,3/7/2019,2.845000029,2.871000051,2.812000036,2.865999937,116999,4/19/2019 17:55
1020,3/8/2019,2.86500001,2.894999981,2.855999947,2.86500001,85877,4/19/2019 17:55
1021,3/11/2019,2.835000038,2.84100008,2.766000032,2.772000074,136894,4/19/2019 17:55
1022,3/12/2019,2.779000044,2.798000097,2.752000093,2.78399992,90018,4/19/2019 17:55
1023,3/13/2019,2.790999889,2.838999987,2.762000084,2.819999933,101209,4/19/2019 17:55
1024,3/14/2019,2.832999945,2.857000113,2.823999882,2.855000019,85276,4/19/2019 17:55
1025,3/15/2019,2.848999977,2.855999947,2.789999962,2.795000076,82709,4/19/2019 17:55
1026,3/18/2019,2.786000013,2.857000113,2.773000002,2.849999905,102225,4/19/2019 17:55
1027,3/19/2019,2.845000029,2.897000074,2.835000038,2.874000072,109752,4/19/2019 17:55
1028,3/20/2019,2.862999916,2.871999979,2.813999891,2.819999933,114170,4/19/2019 17:55
1029,3/21/2019,2.829999924,2.838999987,2.796000004,2.821000099,83786,4/19/2019 17:55
1030,3/22/2019,2.821000099,2.823999882,2.720999956,2.753000021,92637,4/19/2019 17:55
1031,3/25/2019,2.723999977,2.766000032,2.70600009,2.755000114,49167,4/19/2019 17:55
1032,3/26/2019,2.759000063,2.769999981,2.727999926,2.74000001,37149,4/19/2019 17:55
1033,3/27/2019,2.730999947,2.732000113,2.671000004,2.713000059,9640,4/19/2019 17:55
1034,3/28/2019,2.72300005,2.752000093,2.707000017,2.711999893,78720,4/19/2019 17:55
1035,3/29/2019,2.720000029,2.727999926,2.655999899,2.661999941,115412,4/19/2019 17:55
1036,4/1/2019,2.663000107,2.73300004,2.657000065,2.707999945,129455,4/19/2019 17:55
1037,4/2/2019,2.70600009,2.721999884,2.673000097,2.684000015,106553,4/19/2019 17:55
1038,4/3/2019,2.691999912,2.697000027,2.657999992,2.677000046,96798,4/19/2019 17:55
1039,4/4/2019,2.673000097,2.684999943,2.635999918,2.642999887,123663,4/19/2019 17:55
1040,4/5/2019,2.644000053,2.680000067,2.631999969,2.664000034,120318,4/19/2019 17:55
1041,4/8/2019,2.65899992,2.720999956,2.653000116,2.707999945,154202,4/19/2019 17:55
1042,4/9/2019,2.709000111,2.724999905,2.680000067,2.698999882,117345,4/19/2019 17:55
1043,4/10/2019,2.704999924,2.729000092,2.686000109,2.700000048,127471,4/19/2019 17:55
1044,4/11/2019,2.701999903,2.710000038,2.65199995,2.664000034,161210,4/19/2019 17:55
1045,4/12/2019,2.674000025,2.687999964,2.651000023,2.660000086,88007,4/19/2019 17:55
1046,4/15/2019,2.645999908,2.653000116,2.585000038,2.589999914,137630,4/19/2019 17:55
1047,4/16/2019,2.588999987,2.594000101,2.569999933,2.572000027,103427,4/19/2019 17:55
1048,4/17/2019,2.572000027,2.582000017,2.503000021,2.51699996,144893,4/19/2019 17:55
1049,4/18/2019,2.506000042,2.520999908,2.477999926,2.49000001,0,4/19/2019 17:55
