Id,oildate,openprice,highprice,lowprice,closeprice,volume,created_at
1,3/12/2015,57.91999817,58.81000137,56.50999832,57.08000183,129734,4/19/2019 17:54
2,3/13/2015,57.02999878,57.40000153,54.43000031,54.66999817,84085,4/19/2019 17:54
3,3/16/2015,54.40999985,54.63999939,52.5,53.43999863,15638,4/19/2019 17:54
4,3/17/2015,54.09999847,54.38000107,52.56999969,53.50999832,240285,4/19/2019 17:54
5,3/18/2015,53.27999878,56.84000015,52.68000031,55.90999985,262440,4/19/2019 17:54
6,3/19/2015,56.18000031,56.20000076,53.90999985,54.43000031,209646,4/19/2019 17:54
7,3/20/2015,54.45999908,55.66999817,53.54999924,55.31999969,186667,4/19/2019 17:54
8,3/23/2015,55.24000168,56.18999863,54.11999893,55.91999817,191637,4/19/2019 17:54
9,3/24/2015,55.83000183,56.79000092,54.84999847,55.11000061,197476,4/19/2019 17:54
10,3/25/2015,55.09000015,57.16999817,54.70000076,56.47999954,256043,4/19/2019 17:54
11,3/26/2015,56.34999847,59.77999878,56.29999924,59.18999863,334870,4/19/2019 17:54
12,3/27/2015,58.97000122,59.04000092,55.95000076,56.40999985,223862,4/19/2019 17:54
13,3/30/2015,55.95999908,56.65000153,55.20000076,56.29000092,220109,4/19/2019 17:54
14,3/31/2015,56.31000137,56.33000183,54.72000122,55.11000061,238494,4/19/2019 17:54
15,4/1/2015,55.18000031,57.68999863,54.70000076,57.09999847,256904,4/19/2019 17:54
16,4/2/2015,56.72000122,57.27999878,54,54.95000076,288965,4/19/2019 17:54
17,4/6/2015,55.18000031,58.24000168,55.08000183,58.11999893,126804,4/19/2019 17:54
18,4/7/2015,57.79999924,59.27000046,57.02000046,59.09999847,236714,4/19/2019 17:54
19,4/8/2015,58.29999924,58.72000122,55.45000076,55.54999924,250564,4/19/2019 17:54
20,4/9/2015,56.09999847,58.02000046,55.97000122,56.56999969,174812,4/19/2019 17:54
21,4/10/2015,56.84000015,58.11999893,56.25,57.86999893,137659,4/19/2019 17:54
22,4/13/2015,58.02000046,59.54000092,57.45999908,57.93000031,119317,4/19/2019 17:54
23,4/14/2015,58.16999817,59.24000168,57.75999832,58.43000031,106803,4/19/2019 17:54
24,4/15/2015,58.74000168,60.45000076,58.74000168,60.31999969,21182,4/19/2019 17:54
25,4/16/2015,62.90000153,64.94999695,62,63.97999954,293485,4/19/2019 17:54
26,4/17/2015,64.01999664,64.5,62.95000076,63.45000076,220117,4/19/2019 17:54
27,4/20/2015,63.84999847,64.40000153,62.09999847,63.45000076,239802,4/19/2019 17:54
28,4/21/2015,63.52000046,63.52000046,61.65000153,62.08000183,218306,4/19/2019 17:54
29,4/22/2015,61.90000153,63.33000183,61.38999939,62.72999954,230058,4/19/2019 17:54
30,4/23/2015,62.88000107,65.58000183,62.22000122,64.84999847,326736,4/19/2019 17:54
31,4/24/2015,64.75,65.80000305,64.48000336,65.27999878,259489,4/19/2019 17:54
32,4/27/2015,65.47000122,65.61000061,64.40000153,64.83000183,189765,4/19/2019 17:54
33,4/28/2015,64.73999786,65.48999786,63.90000153,64.63999939,196461,4/19/2019 17:54
34,4/29/2015,64.63999939,66.72000122,64.12999725,65.83999634,238435,4/19/2019 17:54
35,4/30/2015,65.62999725,66.93000031,65.37000275,66.77999878,223481,4/19/2019 17:54
36,5/1/2015,66.77999878,66.93000031,65.51999664,66.45999908,189316,4/19/2019 17:54
37,5/4/2015,66.40000153,67.09999847,65.94999695,66.44999695,120212,4/19/2019 17:54
38,5/5/2015,66.33000183,68.40000153,66.13999939,67.51999664,255639,4/19/2019 17:54
39,5/6/2015,67.70999908,69.62999725,67.34999847,67.76999664,296738,4/19/2019 17:54
40,5/7/2015,67.37000275,68.48999786,65.16999817,65.54000092,292892,4/19/2019 17:54
41,5/8/2015,65.63999939,66.12000275,64.23000336,65.38999939,248593,4/19/2019 17:54
42,5/11/2015,65.37000275,65.75,64.25,64.91000366,202511,4/19/2019 17:54
43,5/12/2015,64.76999664,67.45999908,64.68000031,66.86000061,183265,4/19/2019 17:54
44,5/13/2015,67.31999969,68.16999817,66.41000366,66.80999756,120834,4/19/2019 17:54
45,5/14/2015,66.54000092,67.29000092,66.25,66.58999634,23192,4/19/2019 17:54
46,5/15/2015,66.75,67,65.37000275,66.80999756,206137,4/19/2019 17:54
47,5/18/2015,66.91000366,67.87999725,65.91999817,66.26999664,198219,4/19/2019 17:54
48,5/19/2015,66.19000244,66.38999939,63.95000076,64.01999664,253354,4/19/2019 17:54
49,5/20/2015,64.48999786,65.18000031,64.09999847,65.02999878,210395,4/19/2019 17:54
50,5/21/2015,64.88999939,66.87999725,64.83000183,66.54000092,250909,4/19/2019 17:54
51,5/22/2015,66.58999634,66.63999939,65.09999847,65.37000275,184554,4/19/2019 17:54
52,5/25/2015,65.55999756,66.22000122,64.72000122,65.51999664,41140,4/19/2019 17:54
53,5/26/2015,65.69999695,65.69999695,63.29000092,63.72000122,224131,4/19/2019 17:54
54,5/27/2015,63.88999939,64.66999817,61.95999908,62.06000137,257061,4/19/2019 17:54
55,5/28/2015,62.20000076,62.95000076,61.24000168,62.58000183,238590,4/19/2019 17:54
56,5/29/2015,62.88999939,65.83000183,62.68000031,65.55999756,278461,4/19/2019 17:54
57,6/1/2015,65.58999634,65.80000305,64.25,64.87999725,217982,4/19/2019 17:54
58,6/2/2015,64.90000153,65.87999725,64.58000183,65.48999786,245909,4/19/2019 17:54
59,6/3/2015,65.37999725,65.40000153,63.5,63.79999924,262656,4/19/2019 17:54
60,6/4/2015,63.81000137,64.08000183,61.77999878,62.02999878,235207,4/19/2019 17:54
61,6/5/2015,62.08000183,63.43000031,60.93999863,63.31000137,248872,4/19/2019 17:54
62,6/8/2015,63.06000137,63.38000107,62.47000122,62.68999863,205404,4/19/2019 17:54
63,6/9/2015,62.81000137,65.23000336,62.72000122,64.87999725,223355,4/19/2019 17:54
64,6/10/2015,65.04000092,66.36000061,64.87999725,65.69999695,210396,4/19/2019 17:54
65,6/11/2015,65.56999969,66.05999756,64.5,65.11000061,113456,4/19/2019 17:54
66,6/12/2015,64.87000275,64.94999695,63.68000031,63.86999893,101413,4/19/2019 17:54
67,6/15/2015,63.61999893,63.95999908,62.24000168,62.61000061,26681,4/19/2019 17:54
68,6/16/2015,63.79999924,64.41000366,63.41999817,63.70000076,279742,4/19/2019 17:54
69,6/17/2015,63.59999847,65.47000122,62.59999847,63.86999893,331877,4/19/2019 17:54
70,6/18/2015,63.74000168,64.95999908,63.43999863,64.26000214,217210,4/19/2019 17:54
71,6/19/2015,64.19999695,64.55999756,62.34000015,63.02000046,216169,4/19/2019 17:54
72,6/22/2015,62.56999969,63.74000168,62.09999847,63.34000015,216386,4/19/2019 17:54
73,6/23/2015,63.20999908,64.88999939,62.75999832,64.44999695,266021,4/19/2019 17:54
74,6/24/2015,64.66000366,65.05000305,63.00999832,63.49000168,256385,4/19/2019 17:54
75,6/25/2015,63.5,63.95000076,62.72000122,63.20000076,213751,4/19/2019 17:54
76,6/26/2015,63.34000015,63.61999893,62.5,63.25999832,212119,4/19/2019 17:54
77,6/29/2015,62.84999847,62.95999908,61.34999847,62.00999832,266549,4/19/2019 17:54
78,6/30/2015,61.77000046,63.83000183,61.70999908,63.59000015,256884,4/19/2019 17:54
79,7/1/2015,63.02000046,63.34999847,61.84000015,62.00999832,266621,4/19/2019 17:54
80,7/2/2015,61.91999817,63.20000076,61.75,62.06999969,206002,4/19/2019 17:54
81,7/3/2015,61.72999954,62.06000137,60.11999893,60.31999969,107245,4/19/2019 17:54
82,7/6/2015,60,60,56.38000107,56.54000092,294894,4/19/2019 17:54
83,7/7/2015,56.84999847,57.83000183,55.09999847,56.84999847,331586,4/19/2019 17:54
84,7/8/2015,57.25,57.75,55.86999893,57.04999924,301107,4/19/2019 17:54
85,7/9/2015,57.09999847,59.27000046,57.00999832,58.61000061,277592,4/19/2019 17:54
86,7/10/2015,58.49000168,59.65999985,57.86000061,58.72999954,154371,4/19/2019 17:54
87,7/13/2015,58.34999847,58.83000183,56.84000015,57.84999847,176870,4/19/2019 17:54
88,7/14/2015,57.70999908,58.81999969,56.43000031,58.50999832,143123,4/19/2019 17:54
89,7/15/2015,58.63000107,58.81000137,56.86000061,57.04999924,79694,4/19/2019 17:54
90,7/16/2015,57.31000137,58.20999908,56.95000076,57.50999832,14289,4/19/2019 17:54
91,7/17/2015,56.93000031,57.34999847,56.40000153,57.09999847,157126,4/19/2019 17:54
92,7/20/2015,57.11999893,57.43999863,56.33000183,56.65000153,161060,4/19/2019 17:54
93,7/21/2015,56.54999924,57.43999863,56.33000183,57.04000092,188877,4/19/2019 17:54
94,7/22/2015,56.88000107,56.90000153,55.91999817,56.13000107,221457,4/19/2019 17:54
95,7/23/2015,56.04000092,56.52999878,55.09999847,55.27000046,207129,4/19/2019 17:54
96,7/24/2015,55.38999939,55.59999847,54.29999924,54.61999893,195038,4/19/2019 17:54
97,7/27/2015,54.45000076,54.88999939,52.83000183,53.47000122,226373,4/19/2019 17:54
98,7/28/2015,53.08000183,54.08000183,52.27999878,53.29999924,290602,4/19/2019 17:54
99,7/29/2015,52.99000168,54.33000183,52.50999832,53.38000107,290427,4/19/2019 17:54
100,7/30/2015,53.59999847,54.38000107,53.02000046,53.31000137,217285,4/19/2019 17:54
101,7/31/2015,53.43000031,53.47000122,51.63000107,52.20999908,212823,4/19/2019 17:54
102,8/3/2015,51.54999924,52.00999832,49.36000061,49.52000046,306500,4/19/2019 17:54
103,8/4/2015,49.70000076,50.45000076,49.58000183,49.99000168,221652,4/19/2019 17:54
104,8/5/2015,50.13999939,50.99000168,49.02000046,49.59000015,280763,4/19/2019 17:54
105,8/6/2015,49.72000122,49.83000183,48.88000107,49.52000046,236356,4/19/2019 17:54
106,8/7/2015,49.61999893,50.06000137,48.41999817,48.61000061,245821,4/19/2019 17:54
107,8/10/2015,48.43000031,50.49000168,48.24000168,50.40999985,208257,4/19/2019 17:54
108,8/11/2015,50.22000122,51.09999847,48.61000061,49.18000031,223213,4/19/2019 17:54
109,8/12/2015,49.38000107,50.00999832,48.72000122,49.65999985,153807,4/19/2019 17:54
110,8/13/2015,49.81999969,50.38999939,48.84999847,49.22000122,115920,4/19/2019 17:54
111,8/14/2015,49.11000061,49.52000046,48.79999924,49.02999878,21365,4/19/2019 17:54
112,8/17/2015,48.75999832,49.43999863,48.34999847,48.74000168,195605,4/19/2019 17:54
113,8/18/2015,48.54999924,49.04000092,48.25,48.81000137,191533,4/19/2019 17:54
114,8/19/2015,48.5,49.11000061,46.77999878,47.15999985,250806,4/19/2019 17:54
115,8/20/2015,47.02999878,47.38000107,46.02999878,46.61999893,221543,4/19/2019 17:54
116,8/21/2015,46.34000015,46.50999832,45.06999969,45.45999908,231795,4/19/2019 17:54
117,8/24/2015,45.34999847,45.45999908,42.22999954,42.68999863,305733,4/19/2019 17:54
118,8/25/2015,42.79000092,44.5,42.68000031,43.20999908,292102,4/19/2019 17:54
119,8/26/2015,43.31999969,43.75999832,42.81000137,43.13999939,267561,4/19/2019 17:54
120,8/27/2015,43.75,47.75,43.70000076,47.56000137,333701,4/19/2019 17:54
121,8/28/2015,47.40000153,50.97999954,46.61000061,50.04999924,418778,4/19/2019 17:54
122,8/31/2015,50.04999924,54.31999969,48.25,54.15000153,321317,4/19/2019 17:54
123,9/1/2015,52.91999817,53.47000122,48.47000122,49.56000137,373639,4/19/2019 17:54
124,9/2/2015,48.61999893,51,47.74000168,50.5,324837,4/19/2019 17:54
125,9/3/2015,50.58000183,52.45999908,49.81999969,50.68000031,270544,4/19/2019 17:54
126,9/4/2015,50.68999863,51.04999924,49.25,49.61000061,221220,4/19/2019 17:54
127,9/7/2015,49.27000046,49.43999863,47.5,47.63000107,94800,4/19/2019 17:54
128,9/8/2015,47.75999832,49.84999847,47.63999939,49.52000046,253288,4/19/2019 17:54
129,9/9/2015,49.38999939,50.04000092,47.31999969,47.58000183,173222,4/19/2019 17:54
130,9/10/2015,47.45999908,48.95000076,46.75999832,48.88999939,192415,4/19/2019 17:54
131,9/11/2015,48.63999939,48.97999954,47.15999985,48.13999939,143408,4/19/2019 17:54
132,9/14/2015,48.08000183,48.34999847,46.25999832,46.36999893,104057,4/19/2019 17:54
133,9/15/2015,46.65000153,46.90000153,45.97999954,46.63000107,18462,4/19/2019 17:54
134,9/16/2015,48.06000137,50.34000015,47.70999908,49.75,288333,4/19/2019 17:54
135,9/17/2015,49.97999954,50.13999939,48.31999969,49.08000183,228857,4/19/2019 17:54
136,9/18/2015,49.25999832,49.75,47.15999985,47.47000122,225724,4/19/2019 17:54
137,9/21/2015,47.63999939,48.99000168,47.47999954,48.91999817,179898,4/19/2019 17:54
138,9/22/2015,48.5,49.20999908,47.70000076,49.08000183,185413,4/19/2019 17:54
139,9/23/2015,49.08000183,50.25,47.68000031,47.75,232269,4/19/2019 17:54
140,9/24/2015,47.88000107,48.47000122,47.40000153,48.16999817,198036,4/19/2019 17:54
141,9/25/2015,48.16999817,49.09999847,47.86000061,48.59999847,189403,4/19/2019 17:54
142,9/28/2015,48.34000015,48.43999863,47.25,47.34000015,188283,4/19/2019 17:54
143,9/29/2015,47.45000076,48.65000153,47.25,48.22999954,181413,4/19/2019 17:54
144,9/30/2015,47.95999908,49,47.79000092,48.36999893,219886,4/19/2019 17:54
145,10/1/2015,48.40000153,49.84000015,47.61999893,47.68999863,239316,4/19/2019 17:54
146,10/2/2015,47.99000168,48.5,46.93000031,48.13000107,201586,4/19/2019 17:54
147,10/5/2015,48.08000183,49.86999893,47.84000015,49.25,215447,4/19/2019 17:54
148,10/6/2015,49.34999847,52.25999832,48.86000061,51.91999817,303579,4/19/2019 17:54
149,10/7/2015,52.15000153,53.15000153,51.20999908,51.33000183,299914,4/19/2019 17:54
150,10/8/2015,51.75999832,53.52000046,51.27999878,53.04999924,219938,4/19/2019 17:54
151,10/9/2015,53.34999847,54.04999924,52.20999908,52.65000153,174338,4/19/2019 17:54
152,10/12/2015,52.63999939,53.31000137,49.77000046,49.86000061,166832,4/19/2019 17:54
153,10/13/2015,50.27000046,50.70000076,48.88000107,49.24000168,108370,4/19/2019 17:54
154,10/14/2015,49.22000122,49.52000046,48.70999908,49.15000153,63280,4/19/2019 17:54
155,10/15/2015,49.00999832,49.38000107,48.20999908,48.70999908,16785,4/19/2019 17:54
156,10/16/2015,50.20999908,50.70000076,49.31000137,50.45999908,225956,4/19/2019 17:54
157,10/19/2015,50.38000107,50.68000031,48.56999969,48.61000061,223306,4/19/2019 17:54
158,10/20/2015,48.83000183,49.20000076,48.22000122,48.70999908,253325,4/19/2019 17:54
159,10/21/2015,48.58000183,48.65000153,47.5,47.84999847,244638,4/19/2019 17:54
160,10/22/2015,47.95999908,48.72999954,47.65000153,48.08000183,201591,4/19/2019 17:54
161,10/23/2015,48.31999969,48.65000153,47.45000076,47.99000168,242056,4/19/2019 17:54
162,10/26/2015,48,48.33000183,47.29999924,47.54000092,193978,4/19/2019 17:54
163,10/27/2015,47.43000031,47.56999969,46.40999985,46.81000137,243114,4/19/2019 17:54
164,10/28/2015,46.90999985,49.22999954,46.61000061,49.04999924,306597,4/19/2019 17:54
165,10/29/2015,49.15000153,49.38000107,48.16999817,48.79999924,213925,4/19/2019 17:54
166,10/30/2015,48.65999985,50,48.27999878,49.56000137,238590,4/19/2019 17:54
167,11/2/2015,49.5,49.68999863,48.61000061,48.79000092,224283,4/19/2019 17:54
168,11/3/2015,48.90000153,50.90999985,48.45999908,50.54000092,283357,4/19/2019 17:54
169,11/4/2015,50.25,50.86999893,48.49000168,48.58000183,328135,4/19/2019 17:54
170,11/5/2015,48.84000015,49,47.93000031,47.97999954,227998,4/19/2019 17:54
171,11/6/2015,48.04999924,48.58000183,47.27000046,47.41999817,245485,4/19/2019 17:54
172,11/9/2015,47.45999908,48.40999985,47.00999832,47.18999863,202178,4/19/2019 17:54
173,11/10/2015,47.31999969,47.86000061,46.95999908,47.43999863,206340,4/19/2019 17:54
174,11/11/2015,47.08000183,47.72999954,45.61999893,45.81000137,193335,4/19/2019 17:54
175,11/12/2015,45.91999817,46.27000046,43.88999939,44.06000137,132491,4/19/2019 17:54
176,11/13/2015,44.08000183,44.84999847,43.56999969,43.61000061,28631,4/19/2019 17:54
177,11/16/2015,44.70000076,45.18000031,43.15000153,44.56000137,310123,4/19/2019 17:54
178,11/17/2015,44.70000076,45.09999847,43.5,43.56999969,260695,4/19/2019 17:54
179,11/18/2015,43.97000122,44.74000168,43.34000015,44.13999939,255682,4/19/2019 17:54
180,11/19/2015,44.29999924,44.75999832,43.70000076,44.18000031,201033,4/19/2019 17:54
181,11/20/2015,44.38000107,45.5,44.06000137,44.65999985,245339,4/19/2019 17:54
182,11/23/2015,44.45999908,45.72999954,43.56999969,44.83000183,290998,4/19/2019 17:54
183,11/24/2015,45.11000061,46.5,44.91999817,46.11999893,271930,4/19/2019 17:54
184,11/25/2015,46.04000092,46.5,45.02999878,46.16999817,229114,4/19/2019 17:54
185,11/26/2015,46.22999954,46.31999969,45,45.45999908,97318,4/19/2019 17:54
186,11/27/2015,45.56999969,45.63000107,44.79000092,44.86000061,165308,4/19/2019 17:54
187,11/30/2015,44.86000061,45.75,44.43999863,44.61000061,235944,4/19/2019 17:54
188,12/1/2015,44.61999893,45.18000031,44.02999878,44.43999863,301200,4/19/2019 17:54
189,12/2/2015,44.31999969,44.63999939,42.43000031,42.49000168,324059,4/19/2019 17:54
190,12/3/2015,42.77000046,44.68999863,42.61000061,43.84000015,271482,4/19/2019 17:54
191,12/4/2015,43.97999954,44.81999969,42.66999817,43,345828,4/19/2019 17:54
192,12/7/2015,43.25999832,43.25999832,40.59999847,40.72999954,272442,4/19/2019 17:54
193,12/8/2015,40.81999969,41.45000076,39.81000137,40.25999832,328376,4/19/2019 17:54
194,12/9/2015,40.63000107,41.59000015,39.56999969,40.11000061,284646,4/19/2019 17:54
195,12/10/2015,40.43999863,40.70000076,39.45999908,39.72999954,188988,4/19/2019 17:54
196,12/11/2015,39.54999924,39.74000168,37.36000061,37.93000031,167311,4/19/2019 17:54
197,12/14/2015,37.84999847,38.43000031,36.33000183,37.91999817,115119,4/19/2019 17:54
198,12/15/2015,37.88999939,39.40999985,37.54999924,38.45000076,73703,4/19/2019 17:54
199,12/16/2015,38.09000015,38.45000076,37.11000061,37.18999863,18232,4/19/2019 17:54
200,12/17/2015,37.59999847,37.93000031,36.75,37.06000137,200845,4/19/2019 17:54
201,12/18/2015,36.81000137,37.72999954,36.40999985,36.88000107,218042,4/19/2019 17:54
202,12/21/2015,36.54999924,36.75,36.04000092,36.34999847,175115,4/19/2019 17:54
203,12/22/2015,36.36000061,36.72000122,35.97999954,36.11000061,166304,4/19/2019 17:54
204,12/23/2015,36.36999893,37.88000107,36.27999878,37.36000061,196978,4/19/2019 17:54
205,12/24/2015,37.77000046,38.09999847,36.90999985,37.88999939,111015,4/19/2019 17:54
206,12/28/2015,37.84000015,37.95000076,36.40999985,36.61999893,84344,4/19/2019 17:54
207,12/29/2015,36.59000015,37.97999954,36.56000137,37.79000092,171677,4/19/2019 17:54
208,12/30/2015,37.29000092,37.54999924,36.34999847,36.45999908,173512,4/19/2019 17:54
209,12/31/2015,36.56999969,37.95000076,36.09999847,37.27999878,149598,4/19/2019 17:54
210,1/4/2016,37.84999847,38.99000168,36.77000046,37.22000122,321841,4/19/2019 17:54
211,1/5/2016,37.27000046,37.56999969,36.24000168,36.41999817,275471,4/19/2019 17:54
212,1/6/2016,36.63999939,36.66999817,34.13000107,34.22999954,296862,4/19/2019 17:54
213,1/7/2016,34.52000046,34.74000168,32.15999985,33.75,291511,4/19/2019 17:54
214,1/8/2016,34.02000046,34.72000122,32.77999878,33.54999924,206974,4/19/2019 17:54
215,1/11/2016,33.34000015,33.38000107,31.17000008,31.54999924,202062,4/19/2019 17:54
216,1/12/2016,31.54000092,32.38000107,30.34000015,30.86000061,142525,4/19/2019 17:54
217,1/13/2016,30.81999969,31.92000008,29.95999908,30.30999947,91957,4/19/2019 17:54
218,1/14/2016,30.26000023,31.22999954,29.72999954,31.03000069,16390,4/19/2019 17:54
219,1/15/2016,31,31.02000046,28.81999969,28.94000053,344461,4/19/2019 17:54
220,1/18/2016,28.72999954,29.57999992,27.67000008,28.54999924,211256,4/19/2019 17:54
221,1/19/2016,28.70000076,30.23999977,28.60000038,28.76000023,419479,4/19/2019 17:54
222,1/20/2016,28.65999985,28.75,27.10000038,27.87999916,375397,4/19/2019 17:54
223,1/21/2016,27.98999977,29.84000015,27.29000092,29.25,394256,4/19/2019 17:54
224,1/22/2016,29.62000084,32.29999924,29.29000092,32.18000031,407784,4/19/2019 17:54
225,1/25/2016,32.09999847,32.81000137,30,30.5,310139,4/19/2019 17:54
226,1/26/2016,30.01000023,32.72000122,29.27000046,31.79999924,335094,4/19/2019 17:54
227,1/27/2016,31.20000076,33.49000168,30.82999992,33.09999847,257108,4/19/2019 17:54
228,1/28/2016,32.84000015,35.84000015,32.56000137,33.88999939,195144,4/19/2019 17:54
229,1/29/2016,34.08000183,35,33.59000015,34.74000168,29658,4/19/2019 17:54
230,2/1/2016,35.84999847,36.25,33.91999817,34.24000168,331872,4/19/2019 17:54
231,2/2/2016,34.18000031,34.18000031,32.22999954,32.72000122,346885,4/19/2019 17:54
232,2/3/2016,32.40999985,35.52999878,32.29999924,35.04000092,396576,4/19/2019 17:54
233,2/4/2016,35.31999969,35.84000015,34.15000153,34.45999908,323933,4/19/2019 17:54
234,2/5/2016,34.38999939,35.13999939,33.81000137,34.06000137,296567,4/19/2019 17:54
235,2/8/2016,33.99000168,34.68000031,32.77000046,32.88000107,211549,4/19/2019 17:54
236,2/9/2016,33.16999817,33.56000137,30.28000069,30.31999969,305766,4/19/2019 17:54
237,2/10/2016,30.95000076,31.89999962,30.35000038,30.84000015,332987,4/19/2019 17:54
238,2/11/2016,30.82999992,31.35000038,29.92000008,30.05999947,347586,4/19/2019 17:54
239,2/12/2016,31.30999947,33.43999863,30.85000038,33.36000061,394479,4/19/2019 17:54
240,2/15/2016,32.77000046,34.09000015,32.66999817,33.38999939,160505,4/19/2019 17:54
241,2/16/2016,34.50999832,35.54999924,31.92000008,32.18000031,398492,4/19/2019 17:54
242,2/17/2016,32.54000092,34.99000168,31.81999969,34.5,355922,4/19/2019 17:54
243,2/18/2016,34.90999985,35.72999954,33.79000092,34.27999878,324096,4/19/2019 17:54
244,2/19/2016,33.88000107,34.45999908,32.68000031,33.00999832,287089,4/19/2019 17:54
245,2/22/2016,33.25,34.97000122,32.84999847,34.68999863,233332,4/19/2019 17:54
246,2/23/2016,34.54000092,35.11000061,32.90000153,33.27000046,348078,4/19/2019 17:54
247,2/24/2016,32.97999954,34.66999817,32.36999893,34.40999985,344004,4/19/2019 17:54
248,2/25/2016,34.38999939,35.74000168,33.29000092,35.29000092,210573,4/19/2019 17:54
249,2/26/2016,35.09999847,37,34.72999954,35.09999847,126420,4/19/2019 17:54
250,2/29/2016,35.09999847,36.22999954,34.83000183,35.97000122,30235,4/19/2019 17:54
251,3/1/2016,36.59999847,37.25,35.95000076,36.81000137,276263,4/19/2019 17:54
252,3/2/2016,36.61999893,37.40000153,36.09999847,36.93000031,278167,4/19/2019 17:54
253,3/3/2016,37.04999924,37.36999893,36.34999847,37.06999969,256490,4/19/2019 17:54
254,3/4/2016,37.04000092,38.95000076,36.81999969,38.72000122,295792,4/19/2019 17:54
255,3/7/2016,38.88000107,41.04000092,38.86999893,40.84000015,341913,4/19/2019 17:54
256,3/8/2016,40.70999908,41.47999954,39.31000137,39.65000153,352250,4/19/2019 17:54
257,3/9/2016,39.65000153,41.18000031,39.38999939,41.06999969,333486,4/19/2019 17:54
258,3/10/2016,40.88999939,41.00999832,39.63000107,40.04999924,287782,4/19/2019 17:54
259,3/11/2016,40.33000183,41.02999878,40.02000046,40.38999939,276648,4/19/2019 17:54
260,3/14/2016,40.25,40.65000153,38.81999969,39.52999878,264706,4/19/2019 17:54
261,3/15/2016,39.66999817,39.74000168,38.31999969,38.74000168,224361,4/19/2019 17:54
262,3/16/2016,39.13999939,40.43999863,38.83000183,40.33000183,263872,4/19/2019 17:54
263,3/17/2016,40.45000076,41.59999847,40.40999985,41.54000092,249228,4/19/2019 17:54
264,3/18/2016,41.38000107,42.54000092,41.06999969,41.20000076,286653,4/19/2019 17:54
265,3/21/2016,41.31000137,41.88000107,40.47999954,41.54000092,234102,4/19/2019 17:54
266,3/22/2016,41.47000122,42.08000183,40.97000122,41.79000092,268210,4/19/2019 17:54
267,3/23/2016,41.56000137,41.81999969,40.41999817,40.47000122,240906,4/19/2019 17:54
268,3/24/2016,40.40000153,40.63999939,39.22000122,40.43999863,203276,4/19/2019 17:54
269,3/28/2016,40.58000183,41,39.63999939,40.27000046,78614,4/19/2019 17:54
270,3/29/2016,40.18999863,40.25,38.75999832,39.13999939,149529,4/19/2019 17:54
271,3/30/2016,39.41999817,40.61000061,39.09000015,39.25999832,103118,4/19/2019 17:54
272,3/31/2016,39.11999893,40,38.74000168,39.59999847,27797,4/19/2019 17:54
273,4/1/2016,40.13999939,40.43000031,38.54999924,38.66999817,286168,4/19/2019 17:54
274,4/4/2016,38.68999863,38.91999817,37.5,37.68999863,286653,4/19/2019 17:54
275,4/5/2016,37.5,38.43999863,37.27000046,37.86999893,296446,4/19/2019 17:54
276,4/6/2016,38.40000153,39.93999863,38.34000015,39.84000015,323374,4/19/2019 17:54
277,4/7/2016,39.90000153,40.29000092,38.70000076,39.43000031,308721,4/19/2019 17:54
278,4/8/2016,39.68000031,42.00999832,39.61999893,41.93999863,340222,4/19/2019 17:54
279,4/11/2016,42,43.06000137,41.40999985,42.83000183,279920,4/19/2019 17:54
280,4/12/2016,42.70000076,44.81000137,42.56000137,44.68999863,357354,4/19/2019 17:54
281,4/13/2016,44.43999863,44.93999863,43.75999832,44.18000031,348587,4/19/2019 17:54
282,4/14/2016,44.00999832,44.61999893,43.29000092,43.84000015,234367,4/19/2019 17:54
283,4/15/2016,43.79999924,44.04999924,42.27999878,43.09999847,285166,4/19/2019 17:54
284,4/18/2016,41.79999924,43.43000031,40.09999847,42.90999985,383372,4/19/2019 17:54
285,4/19/2016,43.13999939,44.5,42.59999847,44.02999878,355947,4/19/2019 17:54
286,4/20/2016,43.52000046,45.88000107,42.81000137,45.79999924,297260,4/19/2019 17:54
287,4/21/2016,45.54000092,46.18000031,44.43999863,44.52999878,312602,4/19/2019 17:54
288,4/22/2016,44.75,45.90000153,44.29999924,45.11000061,272848,4/19/2019 17:54
289,4/25/2016,45.13000107,45.59000015,44.25999832,44.47999954,211675,4/19/2019 17:54
290,4/26/2016,44.68999863,46.49000168,44.36000061,45.74000168,199235,4/19/2019 17:54
291,4/27/2016,46.25999832,47.45000076,45.63000107,47.18000031,150793,4/19/2019 17:54
292,4/28/2016,47.09999847,48.18999863,46.74000168,48.13999939,113083,4/19/2019 17:54
293,4/29/2016,47.90000153,48.5,47.40999985,48.13000107,29515,4/19/2019 17:54
294,5/2/2016,47.36999893,47.40000153,45.72000122,45.83000183,168090,4/19/2019 17:54
295,5/3/2016,45.79999924,46.40000153,44.61999893,44.97000122,276403,4/19/2019 17:54
296,5/4/2016,45.20999908,46.00999832,44.18999863,44.61999893,293821,4/19/2019 17:54
297,5/5/2016,45.08000183,46.77000046,44.65000153,45.00999832,280794,4/19/2019 17:54
298,5/6/2016,45.15999985,46.11999893,44.18999863,45.36999893,283651,4/19/2019 17:54
299,5/9/2016,45.75,46.47999954,43.43000031,43.63000107,364584,4/19/2019 17:54
300,5/10/2016,43.49000168,45.70000076,43.33000183,45.52000046,343209,4/19/2019 17:54
301,5/11/2016,45.59000015,47.75,44.79999924,47.59999847,381737,4/19/2019 17:54
302,5/12/2016,47.31999969,48.18999863,46.79999924,48.08000183,353848,4/19/2019 17:54
303,5/13/2016,47.84999847,48.11999893,47.25999832,47.83000183,239047,4/19/2019 17:54
304,5/16/2016,47.79999924,49.47000122,47.77000046,48.97000122,294377,4/19/2019 17:54
305,5/17/2016,49.02999878,49.75,48.56999969,49.27999878,262324,4/19/2019 17:54
306,5/18/2016,49.36000061,49.84999847,48.45000076,48.93000031,319810,4/19/2019 17:54
307,5/19/2016,48.66999817,48.88000107,47.38000107,48.81000137,302095,4/19/2019 17:54
308,5/20/2016,48.90000153,49.38999939,48.06999969,48.72000122,255583,4/19/2019 17:54
309,5/23/2016,48.72000122,48.84000015,47.58000183,48.34999847,225090,4/19/2019 17:54
310,5/24/2016,48.34999847,49.24000168,47.79999924,48.61000061,211583,4/19/2019 17:54
311,5/25/2016,49.15999985,49.95999908,48.90999985,49.74000168,237787,4/19/2019 17:54
312,5/26/2016,49.75999832,50.50999832,49.25,49.59000015,221255,4/19/2019 17:54
313,5/27/2016,49.41999817,49.54999924,48.68999863,49.31999969,130178,4/19/2019 17:54
314,5/30/2016,49.43000031,49.83000183,48.91999817,49.75999832,23093,4/19/2019 17:54
315,5/31/2016,49.70000076,50.04999924,49.22999954,49.68999863,28690,4/19/2019 17:54
316,6/1/2016,49.65000153,50,48.65000153,49.72000122,265995,4/19/2019 17:54
317,6/2/2016,49.63000107,50.29999924,48.84000015,50.04000092,270116,4/19/2019 17:54
318,6/3/2016,49.95000076,50.33000183,49.29999924,49.63999939,227821,4/19/2019 17:54
319,6/6/2016,49.83000183,50.83000183,49.72000122,50.54999924,223756,4/19/2019 17:54
320,6/7/2016,50.45999908,51.54000092,50.27999878,51.43999863,208823,4/19/2019 17:54
321,6/8/2016,51.40999985,52.79999924,51.31999969,52.50999832,260745,4/19/2019 17:54
322,6/9/2016,52.74000168,52.86000061,51.52999878,51.95000076,213124,4/19/2019 17:54
323,6/10/2016,51.90999985,52.09999847,50.33000183,50.54000092,210059,4/19/2019 17:54
324,6/13/2016,50.41999817,50.79000092,49.61000061,50.34999847,208806,4/19/2019 17:54
325,6/14/2016,49.88999939,50.04999924,49.20000076,49.83000183,224005,4/19/2019 17:54
326,6/15/2016,49.22000122,49.79999924,48.38999939,48.97000122,298839,4/19/2019 17:54
327,6/16/2016,48.56000137,48.77000046,46.93999863,47.18999863,287302,4/19/2019 17:54
328,6/17/2016,47.27999878,49.40000153,47.25,49.16999817,222734,4/19/2019 17:54
329,6/20/2016,49.41999817,50.68000031,49.24000168,50.65000153,244410,4/19/2019 17:54
330,6/21/2016,50.43000031,51.09999847,49.45999908,50.61999893,256951,4/19/2019 17:54
331,6/22/2016,51.06000137,51.24000168,49.18000031,49.88000107,282721,4/19/2019 17:54
332,6/23/2016,50.13999939,51.18000031,49.88999939,50.90999985,246953,4/19/2019 17:54
333,6/24/2016,50.68999863,50.74000168,47.54000092,48.40999985,351742,4/19/2019 17:54
334,6/27/2016,48.43000031,48.90000153,46.68999863,47.15999985,243264,4/19/2019 17:54
335,6/28/2016,47.61000061,48.79000092,47.47000122,48.58000183,173176,4/19/2019 17:54
336,6/29/2016,48.84000015,50.74000168,48.61999893,50.61000061,112964,4/19/2019 17:54
337,6/30/2016,50.20999908,50.27999878,49.47000122,49.68000031,25406,4/19/2019 17:54
338,7/1/2016,49.90000153,50.65999985,49.25,50.34999847,248693,4/19/2019 17:54
339,7/4/2016,50.59999847,50.75,50.02999878,50.09999847,113446,4/19/2019 17:54
340,7/5/2016,50.02999878,50.04999924,47.54000092,47.95999908,305737,4/19/2019 17:54
341,7/6/2016,48.06000137,49.31000137,47.16999817,48.79999924,279124,4/19/2019 17:54
342,7/7/2016,49.11999893,49.59000015,46.15000153,46.40000153,328097,4/19/2019 17:54
343,7/8/2016,46.59999847,47.22999954,46.15000153,46.75999832,237284,4/19/2019 17:54
344,7/11/2016,46.49000168,47.09999847,45.90000153,46.25,229276,4/19/2019 17:54
345,7/12/2016,46.16999817,48.56999969,46.09000015,48.47000122,321525,4/19/2019 17:54
346,7/13/2016,48.13000107,48.20000076,46.09000015,46.25999832,299796,4/19/2019 17:54
347,7/14/2016,46.59000015,47.47000122,46.34000015,47.36999893,289398,4/19/2019 17:54
348,7/15/2016,47.02999878,48.25,46.65000153,47.61000061,260430,4/19/2019 17:54
349,7/18/2016,47.91999817,47.95000076,46.5,46.95999908,230495,4/19/2019 17:54
350,7/19/2016,46.93000031,47.49000168,46.52999878,46.65999985,214363,4/19/2019 17:54
351,7/20/2016,46.75999832,47.49000168,45.90000153,47.16999817,296296,4/19/2019 17:54
352,7/21/2016,47.16999817,47.56000137,46.04999924,46.20000076,237479,4/19/2019 17:54
353,7/22/2016,46.20999908,46.5,45.16999817,45.68999863,243489,4/19/2019 17:54
354,7/25/2016,45.70000076,45.86999893,44.54999924,44.72000122,188805,4/19/2019 17:54
355,7/26/2016,44.81999969,44.95999908,44.13999939,44.86999893,240329,4/19/2019 17:54
356,7/27/2016,44.54999924,44.90999985,43.27000046,43.47000122,194572,4/19/2019 17:54
357,7/28/2016,43.52999878,43.72000122,42.56000137,42.70000076,110094,4/19/2019 17:54
358,7/29/2016,42.61000061,42.83000183,41.79999924,42.45999908,21544,4/19/2019 17:54
359,8/1/2016,43.11000061,43.84999847,41.86999893,42.13999939,234773,4/19/2019 17:54
360,8/2/2016,42.22999954,43.18000031,41.50999832,41.79999924,262560,4/19/2019 17:54
361,8/3/2016,41.93999863,43.47000122,41.56000137,43.09999847,320440,4/19/2019 17:54
362,8/4/2016,43.36000061,44.34000015,42.50999832,44.29000092,276418,4/19/2019 17:54
363,8/5/2016,44.18000031,44.49000168,43.50999832,44.27000046,236874,4/19/2019 17:54
364,8/8/2016,44.34000015,45.70999908,44.24000168,45.38999939,221513,4/19/2019 17:54
365,8/9/2016,45.25,45.77000046,44.75999832,44.97999954,216218,4/19/2019 17:54
366,8/10/2016,44.91999817,45.68000031,43.81000137,44.04999924,284858,4/19/2019 17:54
367,8/11/2016,43.77999878,46.29999924,43.45999908,46.04000092,335527,4/19/2019 17:54
368,8/12/2016,46.18000031,47.25,45.74000168,46.97000122,258003,4/19/2019 17:54
369,8/15/2016,47.13999939,48.54000092,46.84000015,48.34999847,234398,4/19/2019 17:54
370,8/16/2016,48.22000122,49.36000061,47.90000153,49.22999954,331860,4/19/2019 17:54
371,8/17/2016,48.88000107,49.93000031,48.54999924,49.84999847,377399,4/19/2019 17:54
372,8/18/2016,49.75999832,51.04999924,49.52000046,50.88999939,268834,4/19/2019 17:54
373,8/19/2016,50.95999908,51.22000122,50.31999969,50.88000107,252338,4/19/2019 17:54
374,8/22/2016,50.70000076,50.70000076,49.06999969,49.15999985,270367,4/19/2019 17:54
375,8/23/2016,49.04000092,50.20999908,48.47999954,49.95999908,314178,4/19/2019 17:54
376,8/24/2016,49.56999969,49.86999893,48.68000031,49.04999924,280915,4/19/2019 17:54
377,8/25/2016,49.02999878,49.77999878,48.70000076,49.66999817,217126,4/19/2019 17:54
378,8/26/2016,49.65999985,50.75999832,49.11999893,49.91999817,209621,4/19/2019 17:54
379,8/29/2016,49.54000092,49.59999847,48.97000122,49.25999832,65667,4/19/2019 17:54
380,8/30/2016,49.25,49.75999832,48.22999954,48.36999893,124524,4/19/2019 17:54
381,8/31/2016,48.29000092,48.41999817,46.95999908,47.04000092,20606,4/19/2019 17:54
382,9/1/2016,46.97999954,47.24000168,45.31999969,45.45000076,290044,4/19/2019 17:54
383,9/2/2016,45.79000092,47.02000046,45.40999985,46.83000183,279344,4/19/2019 17:54
384,9/5/2016,46.70000076,49.40000153,46.40000153,47.63000107,287952,4/19/2019 17:54
385,9/6/2016,47.43000031,47.99000168,46.29000092,47.25999832,215064,4/19/2019 17:54
386,9/7/2016,47.20000076,48.56000137,46.97000122,47.97999954,224227,4/19/2019 17:54
387,9/8/2016,48.54999924,50.13999939,48.20999908,49.99000168,327242,4/19/2019 17:54
388,9/9/2016,49.63000107,49.70000076,47.75999832,48.00999832,262147,4/19/2019 17:54
389,9/12/2016,47.81000137,48.63000107,46.90000153,48.31999969,258760,4/19/2019 17:54
390,9/13/2016,48.16999817,48.22000122,46.95999908,47.09999847,280023,4/19/2019 17:54
391,9/14/2016,47.33000183,47.47999954,45.70000076,45.84999847,332961,4/19/2019 17:54
392,9/15/2016,46.06000137,47,45.66999817,46.59000015,320720,4/19/2019 17:54
393,9/16/2016,46.31000137,46.40999985,45.47999954,45.77000046,226321,4/19/2019 17:54
394,9/19/2016,46.00999832,46.93000031,45.84999847,45.95000076,209911,4/19/2019 17:54
395,9/20/2016,45.90999985,46.29999924,45.09000015,45.88000107,298796,4/19/2019 17:54
396,9/21/2016,46.45000076,47.13999939,46.38000107,46.83000183,249080,4/19/2019 17:54
397,9/22/2016,46.99000168,47.83000183,46.99000168,47.65000153,290326,4/19/2019 17:54
398,9/23/2016,47.41999817,48.25999832,45.65000153,45.88999939,306857,4/19/2019 17:54
399,9/26/2016,46.04999924,47.65999985,45.74000168,47.34999847,208153,4/19/2019 17:54
400,9/27/2016,47.06000137,47.27999878,45.63000107,45.97000122,241177,4/19/2019 17:54
401,9/28/2016,46.13999939,48.95999908,45.70000076,48.68999863,188670,4/19/2019 17:54
402,9/29/2016,48.86999893,49.81000137,47.99000168,49.24000168,114831,4/19/2019 17:54
403,9/30/2016,49.18000031,49.25,48.20999908,49.06000137,26942,4/19/2019 17:54
404,10/3/2016,50.02000046,51.13999939,49.74000168,50.88999939,284259,4/19/2019 17:54
405,10/4/2016,50.93000031,51.54999924,50.34000015,50.86999893,269265,4/19/2019 17:54
406,10/5/2016,51.22000122,52.09000015,51.22000122,51.86000061,302091,4/19/2019 17:54
407,10/6/2016,51.75999832,52.75,51.31999969,52.50999832,293868,4/19/2019 17:54
408,10/7/2016,52.72000122,52.84000015,51.33000183,51.93000031,310018,4/19/2019 17:54
409,10/10/2016,51.63000107,53.72999954,51.29999924,53.13999939,334274,4/19/2019 17:54
410,10/11/2016,53.11000061,53.31999969,52.11999893,52.40999985,373849,4/19/2019 17:54
411,10/12/2016,52.47999954,52.86999893,51.61000061,51.81000137,254729,4/19/2019 17:54
412,10/13/2016,51.59999847,52.15000153,50.91999817,52.02999878,310648,4/19/2019 17:54
413,10/14/2016,52.06000137,52.54999924,51.5,51.95000076,248439,4/19/2019 17:54
414,10/17/2016,51.93000031,52.29000092,51.15999985,51.52000046,247028,4/19/2019 17:54
415,10/18/2016,51.72000122,52.15000153,51.25,51.68000031,274173,4/19/2019 17:54
416,10/19/2016,52.13000107,53.13999939,52.09000015,52.66999817,292949,4/19/2019 17:54
417,10/20/2016,52.59999847,52.72000122,51.16999817,51.38000107,279308,4/19/2019 17:54
418,10/21/2016,51.40000153,51.93999863,51.11999893,51.77999878,249161,4/19/2019 17:54
419,10/24/2016,51.88999939,52.00999832,50.5,51.45999908,277239,4/19/2019 17:54
420,10/25/2016,51.43999863,51.83000183,50.22000122,50.79000092,237734,4/19/2019 17:54
421,10/26/2016,50.25999832,50.68999863,49.65000153,49.97999954,304515,4/19/2019 17:54
422,10/27/2016,50.04999924,50.90000153,49.83000183,50.47000122,138087,4/19/2019 17:54
423,10/28/2016,50.40999985,50.58000183,49.31000137,49.70999908,94844,4/19/2019 17:54
424,10/31/2016,49.40999985,49.72000122,47.97999954,48.29999924,32214,4/19/2019 17:54
425,11/1/2016,48.72000122,49.25999832,47.72000122,48.13999939,462804,4/19/2019 17:54
426,11/2/2016,47.90000153,48.02000046,46.45999908,46.86000061,366824,4/19/2019 17:54
427,11/3/2016,47.15000153,47.52000046,45.99000168,46.34999847,283660,4/19/2019 17:54
428,11/4/2016,46.43000031,46.56000137,45.08000183,45.58000183,384560,4/19/2019 17:54
429,11/7/2016,45.70000076,46.38000107,45.38000107,46.15000153,276169,4/19/2019 17:54
430,11/8/2016,46.29999924,46.68999863,45.59999847,46.04000092,320983,4/19/2019 17:54
431,11/9/2016,46.04000092,46.95000076,44.40000153,46.36000061,448124,4/19/2019 17:54
432,11/10/2016,46.36000061,46.91999817,45.56000137,45.84000015,302446,4/19/2019 17:54
433,11/11/2016,45.79999924,45.88999939,44.18999863,44.75,286705,4/19/2019 17:54
434,11/14/2016,44.54000092,44.99000168,43.56999969,44.43000031,260146,4/19/2019 17:54
435,11/15/2016,44.70000076,47.25,44.66999817,46.95000076,354268,4/19/2019 17:54
436,11/16/2016,46.88000107,47.56000137,46.25,46.63000107,335482,4/19/2019 17:54
437,11/17/2016,46.43999863,47.61999893,45.97000122,46.49000168,280944,4/19/2019 17:54
438,11/18/2016,46.04999924,46.99000168,45.75,46.86000061,249336,4/19/2019 17:54
439,11/21/2016,46.91999817,49.15000153,46.91999817,48.90000153,282704,4/19/2019 17:54
440,11/22/2016,49.25,49.95999908,48.13999939,49.11999893,436934,4/19/2019 17:54
441,11/23/2016,49.20000076,49.5,48.56000137,48.95000076,275288,4/19/2019 17:54
442,11/24/2016,49.02999878,49.20999908,48.75999832,49,71185,4/19/2019 17:54
443,11/25/2016,48.95999908,49.02000046,46.84999847,47.24000168,181171,4/19/2019 17:54
444,11/28/2016,46.70999908,48.81000137,46.27999878,48.24000168,207955,4/19/2019 17:54
445,11/29/2016,48.06999969,48.09999847,45.91999817,46.38000107,133105,4/19/2019 17:54
446,11/30/2016,46.54000092,50.49000168,46.50999832,50.47000122,43117,4/19/2019 17:54
447,12/1/2016,51.72000122,54.52999878,51.50999832,53.93999863,460862,4/19/2019 17:54
448,12/2/2016,53.88000107,54.5,52.84000015,54.45999908,312780,4/19/2019 17:54
449,12/5/2016,54.40000153,55.33000183,53.77000046,54.93999863,288551,4/19/2019 17:54
450,12/6/2016,54.5,54.93999863,53.50999832,53.93000031,280650,4/19/2019 17:54
451,12/7/2016,53.93999863,54.22999954,52.91999817,53,298565,4/19/2019 17:54
452,12/8/2016,53.15000153,54.04999924,52.81000137,53.88999939,334183,4/19/2019 17:54
453,12/9/2016,53.97000122,54.45999908,53.77000046,54.33000183,264797,4/19/2019 17:54
454,12/12/2016,55.88000107,57.88999939,55.11000061,55.68999863,372173,4/19/2019 17:54
455,12/13/2016,55.70000076,56.43999863,55.13000107,55.72000122,283432,4/19/2019 17:54
456,12/14/2016,55.15999985,55.81000137,53.52000046,53.90000153,353966,4/19/2019 17:54
457,12/15/2016,53.75999832,54.5,53.15000153,54.02000046,266152,4/19/2019 17:54
458,12/16/2016,54.11000061,55.38000107,53.70999908,55.20999908,229187,4/19/2019 17:54
459,12/19/2016,55.40000153,55.79999924,54.68999863,54.91999817,228387,4/19/2019 17:54
460,12/20/2016,55.02000046,55.91999817,54.75,55.34999847,257022,4/19/2019 17:54
461,12/21/2016,55.52000046,55.86999893,54.31999969,54.45999908,277727,4/19/2019 17:54
462,12/22/2016,54.54999924,55.22999954,54.04999924,55.04999924,194658,4/19/2019 17:54
463,12/23/2016,54.84000015,55.25,54.25999832,55.15999985,104088,4/19/2019 17:54
464,12/27/2016,55.18000031,57.15000153,55.04000092,56.09000015,67836,4/19/2019 17:54
465,12/28/2016,56.06000137,56.56000137,55.88999939,56.22000122,109907,4/19/2019 17:54
466,12/29/2016,56.00999832,56.63000107,55.90999985,56.13999939,49076,4/19/2019 17:54
467,12/30/2016,57,57.20000076,56.45999908,56.81999969,129096,4/19/2019 17:54
468,1/3/2017,57.04999924,58.36999893,55.29999924,55.47000122,340817,4/19/2019 17:54
469,1/4/2017,55.72999954,56.54999924,55.33000183,56.45999908,282545,4/19/2019 17:54
470,1/5/2017,56.34999847,57.34999847,56.00999832,56.88999939,269612,4/19/2019 17:54
471,1/6/2017,56.88000107,57.47000122,56.27999878,57.09999847,234870,4/19/2019 17:54
472,1/9/2017,56.81000137,57,54.74000168,54.93999863,266387,4/19/2019 17:54
473,1/10/2017,54.95000076,55.36000061,53.58000183,53.63999939,332978,4/19/2019 17:54
474,1/11/2017,53.79999924,55.66999817,53.70000076,55.09999847,419902,4/19/2019 17:54
475,1/12/2017,55.18999863,56.43000031,55.00999832,56.00999832,331632,4/19/2019 17:54
476,1/13/2017,56,56.20999908,55.27999878,55.45000076,247086,4/19/2019 17:54
477,1/16/2017,55.63999939,55.91999817,55.18999863,55.86000061,112583,4/19/2019 17:54
478,1/17/2017,55.74000168,56.95000076,55.40000153,55.47000122,335727,4/19/2019 17:54
479,1/18/2017,55.47999954,55.90000153,53.77000046,53.91999817,360148,4/19/2019 17:54
480,1/19/2017,54.29000092,54.77000046,53.90000153,54.15999985,346867,4/19/2019 17:54
481,1/20/2017,54.33000183,55.79999924,54.18000031,55.49000168,293535,4/19/2019 17:54
482,1/23/2017,55.70000076,55.75,54.65000153,55.22999954,305849,4/19/2019 17:54
483,1/24/2017,55.41999817,55.86999893,55.06999969,55.43999863,254893,4/19/2019 17:54
484,1/25/2017,55.24000168,55.65000153,54.75,55.08000183,275730,4/19/2019 17:54
485,1/26/2017,55.38999939,56.54999924,55.20999908,56.24000168,265715,4/19/2019 17:54
486,1/27/2017,56.09000015,56.5,54.86000061,55.52000046,142066,4/19/2019 17:54
487,1/30/2017,55.47000122,55.70000076,54.97000122,55.22999954,104897,4/19/2019 17:54
488,1/31/2017,55.25,56,54.90000153,55.70000076,28804,4/19/2019 17:54
489,2/1/2017,55.54999924,56.83000183,55.36000061,56.79999924,301235,4/19/2019 17:54
490,2/2/2017,56.52999878,57.45000076,56.33000183,56.56000137,297350,4/19/2019 17:54
491,2/3/2017,56.91999817,57.29999924,56.38999939,56.81000137,264757,4/19/2019 17:54
492,2/6/2017,56.84999847,57.13000107,55.65000153,55.72000122,252700,4/19/2019 17:54
493,2/7/2017,55.90999985,55.97999954,54.58000183,55.04999924,317181,4/19/2019 17:54
494,2/8/2017,54.5,55.68000031,54.43999863,55.11999893,409826,4/19/2019 17:54
495,2/9/2017,55.29999924,55.91999817,55.22999954,55.63000107,263404,4/19/2019 17:54
496,2/10/2017,55.65999985,56.88000107,55.59000015,56.70000076,284708,4/19/2019 17:54
497,2/13/2017,56.68000031,56.81000137,55.40999985,55.59000015,234314,4/19/2019 17:54
498,2/14/2017,55.75,56.45999908,55.52999878,55.97000122,254982,4/19/2019 17:54
499,2/15/2017,55.81999969,56.25,55.56000137,55.75,272519,4/19/2019 17:54
500,2/16/2017,55.74000168,56.24000168,55.13000107,55.65000153,310843,4/19/2019 17:54
501,2/17/2017,55.72999954,55.88000107,55.09999847,55.81000137,270492,4/19/2019 17:54
502,2/20/2017,55.90000153,56.41999817,55.70000076,56.18000031,209626,4/19/2019 17:54
503,2/21/2017,56.16999817,57.31000137,56.09999847,56.65999985,335443,4/19/2019 17:54
504,2/22/2017,56.74000168,57.00999832,55.63999939,55.84000015,245156,4/19/2019 17:54
505,2/23/2017,56.20000076,57.25999832,56.18000031,56.58000183,223585,4/19/2019 17:54
506,2/24/2017,56.40000153,56.65999985,55.74000168,55.99000168,164961,4/19/2019 17:54
507,2/27/2017,55.95999908,56.77000046,55.86000061,55.93000031,139288,4/19/2019 17:54
508,2/28/2017,56.02000046,56.15000153,55.22999954,55.59000015,28347,4/19/2019 17:54
509,3/1/2017,56.45000076,57.04999924,56.24000168,56.36000061,261742,4/19/2019 17:54
510,3/2/2017,56.31000137,56.43999863,55.02999878,55.08000183,350118,4/19/2019 17:54
511,3/3/2017,55.18000031,55.95000076,55.09000015,55.90000153,248708,4/19/2019 17:54
512,3/6/2017,55.79999924,56.25,55.31999969,56.00999832,224195,4/19/2019 17:54
513,3/7/2017,55.95000076,56.65000153,55.56000137,55.91999817,269515,4/19/2019 17:54
514,3/8/2017,55.63000107,55.77000046,52.93000031,53.11000061,444133,4/19/2019 17:54
515,3/9/2017,53.49000168,53.86000061,51.5,52.18999863,504122,4/19/2019 17:54
516,3/10/2017,52.33000183,53.02000046,51.13999939,51.36999893,351344,4/19/2019 17:54
517,3/13/2017,51.49000168,51.70000076,50.84999847,51.34999847,276760,4/19/2019 17:54
518,3/14/2017,51.34000015,51.86000061,50.25,50.91999817,411631,4/19/2019 17:54
519,3/15/2017,51.5,52.15000153,51.36000061,51.81000137,327902,4/19/2019 17:54
520,3/16/2017,52.08000183,52.65000153,51.5,51.74000168,281525,4/19/2019 17:54
521,3/17/2017,51.74000168,52.18000031,51.52999878,51.75999832,220349,4/19/2019 17:54
522,3/20/2017,51.79999924,51.93999863,51.00999832,51.61999893,239247,4/19/2019 17:54
523,3/21/2017,51.70000076,52.22000122,50.72999954,50.95999908,291705,4/19/2019 17:54
524,3/22/2017,50.86000061,50.97999954,49.70999908,50.63999939,327912,4/19/2019 17:54
525,3/23/2017,50.83000183,51.09999847,50.25,50.56000137,320211,4/19/2019 17:54
526,3/24/2017,50.63999939,51.06000137,50.40000153,50.79999924,215340,4/19/2019 17:54
527,3/27/2017,51.02999878,51.09999847,50.02999878,50.75,195521,4/19/2019 17:54
528,3/28/2017,50.77000046,51.86999893,50.77000046,51.33000183,186414,4/19/2019 17:54
529,3/29/2017,51.43000031,52.47999954,51.36000061,52.41999817,140442,4/19/2019 17:54
530,3/30/2017,52.38999939,53.09999847,52.02999878,52.95999908,128549,4/19/2019 17:54
531,3/31/2017,52.83000183,53.45000076,52.34999847,52.83000183,27461,4/19/2019 17:54
532,4/3/2017,53.61999893,53.74000168,53.02999878,53.11999893,241746,4/19/2019 17:54
533,4/4/2017,53.18000031,54.38000107,52.72999954,54.16999817,302109,4/19/2019 17:54
534,4/5/2017,54.22000122,55.09000015,53.97000122,54.36000061,353017,4/19/2019 17:54
535,4/6/2017,54.13000107,55,54.02000046,54.88999939,239472,4/19/2019 17:54
536,4/7/2017,54.88000107,56.08000183,54.56999969,55.24000168,317775,4/19/2019 17:54
537,4/10/2017,55.18999863,56.04999924,55.18999863,55.97999954,298898,4/19/2019 17:54
538,4/11/2017,56.08000183,56.29999924,55.45000076,56.22999954,340419,4/19/2019 17:54
539,4/12/2017,56.27999878,56.65000153,55.5,55.86000061,373526,4/19/2019 17:54
540,4/13/2017,55.65999985,56.06000137,55.56000137,55.88999939,325309,4/19/2019 17:54
541,4/17/2017,55.54999924,55.97999954,55.29000092,55.36000061,158972,4/19/2019 17:54
542,4/18/2017,55.38999939,55.47999954,54.61000061,54.88999939,373099,4/19/2019 17:54
543,4/19/2017,54.77999878,55.20000076,52.58000183,52.93000031,435407,4/19/2019 17:54
544,4/20/2017,53.09000015,53.54999924,52.68000031,52.99000168,401851,4/19/2019 17:54
545,4/21/2017,53,53.29000092,51.56999969,51.95999908,348477,4/19/2019 17:54
546,4/24/2017,52.11000061,52.56999969,51.41999817,51.59999847,267284,4/19/2019 17:54
547,4/25/2017,51.59999847,52.38999939,51.29999924,52.09999847,272756,4/19/2019 17:54
548,4/26/2017,51.81000137,52.45999908,51.38000107,51.81999969,206557,4/19/2019 17:54
549,4/27/2017,51.56999969,51.75999832,50.45000076,51.43999863,187128,4/19/2019 17:54
550,4/28/2017,51.58000183,52.11999893,51.31000137,51.72999954,23204,4/19/2019 17:54
551,5/1/2017,51.88000107,51.97000122,51.22000122,51.52000046,121525,4/19/2019 17:54
552,5/2/2017,51.38999939,52.15999985,50.13999939,50.45999908,364060,4/19/2019 17:54
553,5/3/2017,50.99000168,51.13999939,50.20000076,50.79000092,357189,4/19/2019 17:54
554,5/4/2017,50.59000015,50.72999954,48.15999985,48.38000107,541579,4/19/2019 17:54
555,5/5/2017,48.45000076,49.63000107,46.63999939,49.09999847,530438,4/19/2019 17:54
556,5/8/2017,49.27000046,49.91999817,48.47999954,49.34000015,400718,4/19/2019 17:54
557,5/9/2017,49.43999863,49.72000122,48.38999939,48.72999954,332913,4/19/2019 17:54
558,5/10/2017,48.95000076,50.63000107,48.81000137,50.22000122,368112,4/19/2019 17:54
559,5/11/2017,50.27999878,51.15999985,50.25,50.77000046,315588,4/19/2019 17:54
560,5/12/2017,50.75999832,51.09000015,50.33000183,50.84000015,304757,4/19/2019 17:54
561,5/15/2017,50.88999939,52.63000107,50.74000168,51.81999969,331418,4/19/2019 17:54
562,5/16/2017,51.88000107,52.36000061,51.09999847,51.65000153,340962,4/19/2019 17:54
563,5/17/2017,51.20000076,52.61000061,51.04000092,52.20999908,331361,4/19/2019 17:54
564,5/18/2017,52.18999863,52.74000168,51.11000061,52.50999832,363694,4/19/2019 17:54
565,5/19/2017,52.56999969,53.81999969,52.54999924,53.61000061,333274,4/19/2019 17:54
566,5/22/2017,53.84999847,54.36999893,53.65999985,53.86999893,379122,4/19/2019 17:54
567,5/23/2017,53.86999893,54.43000031,53.20000076,54.15000153,328325,4/19/2019 17:54
568,5/24/2017,54.13999939,54.61999893,53.65999985,53.95999908,351635,4/19/2019 17:54
569,5/25/2017,54.15000153,54.66999817,51.02999878,51.45999908,464495,4/19/2019 17:54
570,5/26/2017,51.38000107,52.29999924,50.70999908,52.15000153,265833,4/19/2019 17:54
571,5/29/2017,52.24000168,52.61000061,51.86000061,52.29000092,36592,4/19/2019 17:54
572,5/30/2017,52.25,52.34999847,51.18999863,51.84000015,137207,4/19/2019 17:54
573,5/31/2017,51.91999817,51.91999817,49.81000137,50.31000137,41681,4/19/2019 17:54
574,6/1/2017,51.16999817,51.45000076,50.22999954,50.63000107,462917,4/19/2019 17:54
575,6/2/2017,50.22999954,50.52000046,48.95000076,49.95000076,451455,4/19/2019 17:54
576,6/5/2017,49.86999893,50.74000168,49.04000092,49.47000122,348409,4/19/2019 17:54
577,6/6/2017,49.56999969,50.29999924,49,50.11999893,329713,4/19/2019 17:54
578,6/7/2017,49.97000122,50.13999939,47.95999908,48.06000137,461745,4/19/2019 17:54
579,6/8/2017,48.25999832,48.59999847,47.56000137,47.86000061,445968,4/19/2019 17:54
580,6/9/2017,47.79000092,48.56000137,47.40000153,48.15000153,285815,4/19/2019 17:54
581,6/12/2017,48.06000137,49.15000153,48.00999832,48.29000092,316560,4/19/2019 17:54
582,6/13/2017,48.31999969,48.81999969,47.86999893,48.72000122,321281,4/19/2019 17:54
583,6/14/2017,48.18000031,48.68999863,46.74000168,47,464423,4/19/2019 17:54
584,6/15/2017,46.79999924,47.20000076,46.70000076,46.91999817,301404,4/19/2019 17:54
585,6/16/2017,46.81999969,47.61000061,46.81000137,47.36999893,227424,4/19/2019 17:54
586,6/19/2017,47.20999908,47.75999832,46.77000046,46.90999985,261488,4/19/2019 17:54
587,6/20/2017,46.95999908,47.22999954,45.41999817,46.02000046,343458,4/19/2019 17:54
588,6/21/2017,45.88999939,46.63000107,44.34999847,44.81999969,389712,4/19/2019 17:54
589,6/22/2017,44.81000137,45.79000092,44.52999878,45.22000122,346755,4/19/2019 17:54
590,6/23/2017,45.27999878,45.75,45.02999878,45.54000092,252259,4/19/2019 17:54
591,6/26/2017,45.63000107,46.24000168,45.04000092,45.83000183,203221,4/19/2019 17:54
592,6/27/2017,45.84999847,47.06000137,45.79000092,46.65000153,263256,4/19/2019 17:54
593,6/28/2017,46.25,47.47000122,46.25,47.31000137,162581,4/19/2019 17:54
594,6/29/2017,47.38999939,48.02999878,47.13999939,47.41999817,179560,4/19/2019 17:54
595,6/30/2017,47.45999908,48.11999893,47.45999908,47.91999817,26181,4/19/2019 17:54
596,7/3/2017,48.95000076,49.70999908,48.54000092,49.68000031,244518,4/19/2019 17:54
597,7/4/2017,49.63000107,49.90000153,49.29000092,49.61000061,129566,4/19/2019 17:54
598,7/5/2017,49.66999817,49.84000015,47,47.79000092,372984,4/19/2019 17:54
599,7/6/2017,48.27999878,49.18000031,47.77000046,48.11000061,308255,4/19/2019 17:54
600,7/7/2017,47.75999832,47.75999832,46.27999878,46.70999908,302323,4/19/2019 17:54
601,7/10/2017,46.84000015,47.38000107,46.11000061,46.88000107,268902,4/19/2019 17:54
602,7/11/2017,46.99000168,48.20999908,46.29000092,47.52000046,283386,4/19/2019 17:54
603,7/12/2017,48.20999908,48.79000092,47.34999847,47.74000168,333698,4/19/2019 17:54
604,7/13/2017,47.70000076,48.52999878,47.18000031,48.41999817,262631,4/19/2019 17:54
605,7/14/2017,48.36999893,49.11000061,48.15000153,48.90999985,295663,4/19/2019 17:54
606,7/17/2017,49.13999939,49.25999832,48.31000137,48.41999817,227420,4/19/2019 17:54
607,7/18/2017,48.40000153,49.40999985,48.24000168,48.84000015,251496,4/19/2019 17:54
608,7/19/2017,48.70000076,49.81000137,48.58000183,49.70000076,300371,4/19/2019 17:54
609,7/20/2017,49.65000153,50.18999863,49.18999863,49.29999924,315337,4/19/2019 17:54
610,7/21/2017,49.33000183,49.65000153,47.81000137,48.06000137,338354,4/19/2019 17:54
611,7/24/2017,47.95999908,48.77000046,47.68000031,48.59999847,287928,4/19/2019 17:54
612,7/25/2017,48.63999939,50.90999985,48.63000107,50.20000076,284288,4/19/2019 17:54
613,7/26/2017,50.63000107,51.06000137,50.06999969,50.97000122,258949,4/19/2019 17:54
614,7/27/2017,50.86000061,51.63999939,50.5,51.49000168,184427,4/19/2019 17:54
615,7/28/2017,51.59999847,52.70000076,51.31000137,52.52000046,159148,4/19/2019 17:54
616,7/31/2017,52.59999847,52.91999817,52.20000076,52.65000153,25540,4/19/2019 17:54
617,8/1/2017,52.70000076,52.93000031,50.88000107,51.77999878,392641,4/19/2019 17:54
618,8/2/2017,51.38000107,52.43000031,51.18000031,52.36000061,406415,4/19/2019 17:54
619,8/3/2017,52.24000168,52.88999939,51.77000046,52.00999832,402658,4/19/2019 17:54
620,8/4/2017,51.97000122,52.52000046,51.43000031,52.41999817,278784,4/19/2019 17:54
621,8/7/2017,52.38999939,52.52999878,51.36999893,52.36999893,260937,4/19/2019 17:54
622,8/8/2017,52.24000168,52.72999954,51.81999969,52.13999939,235160,4/19/2019 17:54
623,8/9/2017,51.99000168,52.84999847,51.81000137,52.70000076,265606,4/19/2019 17:54
624,8/10/2017,52.72000122,53.63999939,51.66999817,51.90000153,450278,4/19/2019 17:54
625,8/11/2017,51.93999863,52.27999878,51.29999924,52.09999847,245314,4/19/2019 17:54
626,8/14/2017,52.02000046,52.38000107,50.54999924,50.72999954,281573,4/19/2019 17:54
627,8/15/2017,50.65000153,51.15000153,50.02000046,50.79999924,334161,4/19/2019 17:54
628,8/16/2017,50.97999954,51.40000153,50.15000153,50.27000046,305551,4/19/2019 17:54
629,8/17/2017,50.40000153,51.11999893,50,51.02999878,334304,4/19/2019 17:54
630,8/18/2017,50.88999939,52.95999908,50.77999878,52.72000122,317440,4/19/2019 17:54
631,8/21/2017,53,53,51.29999924,51.65999985,271574,4/19/2019 17:54
632,8/22/2017,51.77999878,52.27999878,51.38999939,51.86999893,313918,4/19/2019 17:54
633,8/23/2017,51.68000031,52.63000107,51.45000076,52.56999969,287199,4/19/2019 17:54
634,8/24/2017,52.54999924,52.70999908,51.61000061,52.04000092,255763,4/19/2019 17:54
635,8/25/2017,52.29999924,52.68000031,51.93000031,52.40999985,218089,4/19/2019 17:54
636,8/28/2017,52.38000107,52.84000015,51.52000046,51.88999939,141582,4/19/2019 17:54
637,8/29/2017,52.04000092,52.18999863,51.36000061,52,139974,4/19/2019 17:54
638,8/30/2017,51.97000122,52.00999832,50.58000183,50.86000061,152585,4/19/2019 17:54
639,8/31/2017,50.58000183,52.43000031,50.56000137,52.38000107,33499,4/19/2019 17:54
640,9/1/2017,52.84000015,52.95000076,52.24000168,52.75,262197,4/19/2019 17:54
641,9/4/2017,52.84999847,52.84999847,51.99000168,52.34000015,121539,4/19/2019 17:54
642,9/5/2017,52.29999924,53.65999985,52.09000015,53.38000107,300776,4/19/2019 17:54
643,9/6/2017,53.15999985,54.31000137,53.09000015,54.20000076,322595,4/19/2019 17:54
644,9/7/2017,54.13000107,54.66999817,53.88999939,54.49000168,306718,4/19/2019 17:54
645,9/8/2017,54.54000092,54.86999893,53.56999969,53.77999878,307449,4/19/2019 17:54
646,9/11/2017,53.81999969,54.13999939,53.04000092,53.84000015,276434,4/19/2019 17:54
647,9/12/2017,53.77000046,54.43999863,53.41999817,54.27000046,279336,4/19/2019 17:54
648,9/13/2017,54.18000031,55.20999908,54.02999878,55.15999985,291472,4/19/2019 17:54
649,9/14/2017,55.02000046,55.99000168,54.93000031,55.47000122,327352,4/19/2019 17:54
650,9/15/2017,55.29000092,55.84999847,54.86000061,55.61999893,271070,4/19/2019 17:54
651,9/18/2017,55.59000015,55.95000076,54.81999969,55.47999954,278120,4/19/2019 17:54
652,9/19/2017,55.47999954,55.88999939,54.88999939,55.13999939,221760,4/19/2019 17:54
653,9/20/2017,55.34999847,56.47999954,55.25999832,56.29000092,295650,4/19/2019 17:54
654,9/21/2017,56.16999817,56.52999878,55.75999832,56.43000031,251616,4/19/2019 17:54
655,9/22/2017,56.5,56.90999985,56.22000122,56.86000061,208360,4/19/2019 17:54
656,9/25/2017,56.86999893,59.25,56.70000076,59.02000046,224939,4/19/2019 17:54
657,9/26/2017,59.04999924,59.49000168,57.77000046,58.43999863,214727,4/19/2019 17:54
658,9/27/2017,58.56999969,58.88999939,57.56999969,57.90000153,142870,4/19/2019 17:54
659,9/28/2017,57.70000076,58.65000153,56.84999847,57.40999985,117888,4/19/2019 17:54
660,9/29/2017,57.59999847,57.79999924,57.13999939,57.54000092,24020,4/19/2019 17:54
661,10/2/2017,56.72999954,56.75999832,55.5,56.11999893,352045,4/19/2019 17:54
662,10/3/2017,56.09999847,56.40000153,55.70000076,56,275423,4/19/2019 17:54
663,10/4/2017,55.66999817,56.20000076,55.38000107,55.79999924,330854,4/19/2019 17:54
664,10/5/2017,55.77000046,57.24000168,55.70000076,57,379302,4/19/2019 17:54
665,10/6/2017,56.99000168,57.27999878,55.13000107,55.61999893,395647,4/19/2019 17:54
666,10/9/2017,55.5,55.97999954,55.06000137,55.79000092,301152,4/19/2019 17:54
667,10/10/2017,55.77999878,56.90999985,55.72999954,56.61000061,290341,4/19/2019 17:54
668,10/11/2017,56.56000137,57.09000015,56.13999939,56.93999863,310139,4/19/2019 17:54
669,10/12/2017,56.74000168,56.83000183,55.88000107,56.25,339530,4/19/2019 17:54
670,10/13/2017,56.43999863,57.56999969,56.34000015,57.16999817,332597,4/19/2019 17:54
671,10/16/2017,57.27999878,58.47000122,57.11999893,57.81999969,341777,4/19/2019 17:54
672,10/17/2017,57.77999878,58.34999847,57.18000031,57.88000107,405217,4/19/2019 17:54
673,10/18/2017,58.15999985,58.54000092,57.74000168,58.15000153,329325,4/19/2019 17:54
674,10/19/2017,58.24000168,58.29999924,57.02000046,57.22999954,430668,4/19/2019 17:54
675,10/20/2017,57.31999969,57.93999863,56.59999847,57.75,369888,4/19/2019 17:54
676,10/23/2017,57.95000076,58.04999924,57.27000046,57.36999893,353071,4/19/2019 17:54
677,10/24/2017,57.40999985,58.56999969,57.04000092,58.33000183,334681,4/19/2019 17:54
678,10/25/2017,58.43999863,58.74000168,57.84999847,58.43999863,260548,4/19/2019 17:54
679,10/26/2017,58.41999817,59.54999924,58.04999924,59.29999924,232283,4/19/2019 17:54
680,10/27/2017,59.36999893,60.65000153,58.81999969,60.43999863,209886,4/19/2019 17:54
681,10/30/2017,60.65999985,61,60.13999939,60.90000153,168541,4/19/2019 17:54
682,10/31/2017,60.86000061,61.40999985,60.52999878,61.36999893,29115,4/19/2019 17:54
683,11/1/2017,61.06999969,61.70000076,60,60.49000168,337761,4/19/2019 17:54
684,11/2/2017,60.5,60.86000061,60.02000046,60.61999893,289300,4/19/2019 17:54
685,11/3/2017,60.88000107,62.22999954,60.59999847,62.06999969,272739,4/19/2019 17:54
686,11/6/2017,62.27000046,64.44000244,62.08000183,64.26999664,356994,4/19/2019 17:54
687,11/7/2017,64.12000275,64.65000153,63.5,63.68999863,389455,4/19/2019 17:54
688,11/8/2017,63.68999863,64.63999939,62.95000076,63.49000168,418072,4/19/2019 17:54
689,11/9/2017,63.52000046,64.25,63.25999832,63.93000031,319856,4/19/2019 17:54
690,11/10/2017,63.79999924,64.26999664,63.34999847,63.52000046,307965,4/19/2019 17:54
691,11/13/2017,63.68000031,63.77000046,62.61000061,63.15999985,335154,4/19/2019 17:54
692,11/14/2017,63.06000137,63.16999817,61.20999908,62.20999908,418939,4/19/2019 17:54
693,11/15/2017,61.54999924,62.13000107,61.29999924,61.86999893,279411,4/19/2019 17:54
694,11/16/2017,61.88000107,62.15000153,61.25,61.36000061,314062,4/19/2019 17:54
695,11/17/2017,61.40999985,62.91999817,61.08000183,62.72000122,356735,4/19/2019 17:54
696,11/20/2017,62.79999924,62.79999924,61.43999863,62.22000122,283479,4/19/2019 17:54
697,11/21/2017,62.09999847,62.86999893,62.06999969,62.56999969,338157,4/19/2019 17:54
698,11/22/2017,62.77999878,63.43000031,62.61999893,63.31999969,322870,4/19/2019 17:54
699,11/23/2017,63.24000168,63.56999969,62.88000107,63.54999924,113080,4/19/2019 17:54
700,11/24/2017,63.34999847,63.95000076,63.27999878,63.86000061,152696,4/19/2019 17:54
701,11/27/2017,63.79999924,63.99000168,63.09999847,63.84000015,249086,4/19/2019 17:54
702,11/28/2017,63.77999878,63.88999939,63.09999847,63.61000061,186934,4/19/2019 17:54
703,11/29/2017,63.29999924,64.06999969,62.5,63.11000061,178202,4/19/2019 17:54
704,11/30/2017,63.27999878,64.20999908,63.20999908,63.56999969,26207,4/19/2019 17:54
705,12/1/2017,62.74000168,64.31999969,62.59000015,63.72999954,308154,4/19/2019 17:54
706,12/4/2017,63.5,63.68000031,62.31000137,62.45000076,250521,4/19/2019 17:54
707,12/5/2017,62.45000076,63.15000153,62.11999893,62.86000061,219338,4/19/2019 17:54
708,12/6/2017,62.63999939,62.93000031,61.13000107,61.22000122,314261,4/19/2019 17:54
709,12/7/2017,61.29999924,62.25999832,61.15000153,62.20000076,238964,4/19/2019 17:54
710,12/8/2017,62.08000183,63.63999939,62.00999832,63.40000153,362429,4/19/2019 17:54
711,12/11/2017,63.29000092,64.93000031,62.99000168,64.69000244,488007,4/19/2019 17:54
712,12/12/2017,64.66000366,65.83000183,63.06999969,63.34000015,508993,4/19/2019 17:54
713,12/13/2017,63.79999924,64.31999969,62.36000061,62.43999863,354367,4/19/2019 17:54
714,12/14/2017,62.81000137,63.5,62.00999832,63.31000137,277672,4/19/2019 17:54
715,12/15/2017,63.38999939,63.68000031,63.08000183,63.22999954,212995,4/19/2019 17:54
716,12/18/2017,63.36000061,63.90999985,63,63.40999985,234617,4/19/2019 17:54
717,12/19/2017,63.40999985,63.90999985,63.29999924,63.79999924,213190,4/19/2019 17:54
718,12/20/2017,63.83000183,64.59999847,63.66999817,64.55999756,222727,4/19/2019 17:54
719,12/21/2017,64.48999786,64.93000031,64.19999695,64.90000153,155417,4/19/2019 17:54
720,12/22/2017,64.62999725,65.27999878,64.37999725,65.25,110419,4/19/2019 17:54
721,12/26/2017,65.19999695,67.09999847,65,67.01999664,74246,4/19/2019 17:54
722,12/27/2017,66.76000214,66.94000244,66.02999878,66.44000244,122431,4/19/2019 17:54
723,12/28/2017,66.43000031,66.84999847,66.23000336,66.72000122,35088,4/19/2019 17:54
724,12/29/2017,66.15000153,66.98000336,66.15000153,66.87000275,157948,4/19/2019 17:54
725,1/2/2018,66.55000305,67.29000092,66.23999786,66.56999969,211739,4/19/2019 17:54
726,1/3/2018,66.54000092,68.02999878,66.40000153,67.83999634,260862,4/19/2019 17:54
727,1/4/2018,67.88999939,68.26999664,67.62000275,68.06999969,246148,4/19/2019 17:54
728,1/5/2018,67.97000122,68.11000061,67.26000214,67.62000275,183452,4/19/2019 17:54
729,1/8/2018,67.80000305,67.98999786,67.44000244,67.77999878,210348,4/19/2019 17:54
730,1/9/2018,68,69.29000092,67.69999695,68.81999969,319922,4/19/2019 17:54
731,1/10/2018,69.12000275,69.37000275,68.75,69.19999695,290542,4/19/2019 17:54
732,1/11/2018,69.15000153,70.05000305,69,69.26000214,341936,4/19/2019 17:54
733,1/12/2018,69.15000153,69.93000031,68.58999634,69.87000275,302098,4/19/2019 17:54
734,1/15/2018,69.87999725,70.37000275,69.55000305,70.26000214,173464,4/19/2019 17:54
735,1/16/2018,70.05000305,70.12999725,68.83000183,69.15000153,322952,4/19/2019 17:54
736,1/17/2018,69.34999847,69.58999634,68.55000305,69.37999725,280419,4/19/2019 17:54
737,1/18/2018,69.52999878,69.62999725,68.80000305,69.30999756,270231,4/19/2019 17:54
738,1/19/2018,69.01000214,69.08000183,68.27999878,68.61000061,278360,4/19/2019 17:54
739,1/22/2018,68.80000305,69.51000214,68.38999939,69.02999878,250603,4/19/2019 17:54
740,1/23/2018,69.16999817,70.23999786,69.12000275,69.95999908,343734,4/19/2019 17:54
741,1/24/2018,69.97000122,70.94000244,69.54000092,70.52999878,308365,4/19/2019 17:54
742,1/25/2018,70.94999695,71.27999878,69.97000122,70.41999817,301926,4/19/2019 17:54
743,1/26/2018,70.06999969,70.83000183,70.05000305,70.51999664,227599,4/19/2019 17:54
744,1/29/2018,70.47000122,70.63999939,69.06999969,69.45999908,202236,4/19/2019 17:54
745,1/30/2018,69.30000305,69.38999939,68.40000153,69.01999664,135872,4/19/2019 17:54
746,1/31/2018,68.43000031,69.15000153,68.33000183,69.05000305,20433,4/19/2019 17:54
747,2/1/2018,69,69.97000122,68.80999756,69.65000153,336923,4/19/2019 17:54
748,2/2/2018,70,70.01999664,67.95999908,68.58000183,307134,4/19/2019 17:54
749,2/5/2018,68.15000153,68.45999908,66.90000153,67.62000275,335637,4/19/2019 17:54
750,2/6/2018,67.01999664,67.59999847,66.52999878,66.86000061,328847,4/19/2019 17:54
751,2/7/2018,67.19999695,67.72000122,65.16000366,65.51000214,567758,4/19/2019 17:54
752,2/8/2018,65.27999878,65.59999847,64.09999847,64.80999756,346318,4/19/2019 17:54
753,2/9/2018,64.44000244,64.63999939,61.77000046,62.79000092,399495,4/19/2019 17:54
754,2/12/2018,62.5,64.40000153,62.5,62.59000015,349667,4/19/2019 17:54
755,2/13/2018,62.84999847,63.09999847,61.75999832,62.72000122,367263,4/19/2019 17:54
756,2/14/2018,62.84000015,64.58000183,61.95000076,64.36000061,349099,4/19/2019 17:54
757,2/15/2018,64.44000244,65.15000153,63.11999893,64.33000183,292913,4/19/2019 17:54
758,2/16/2018,64.66000366,65.22000122,64.19000244,64.83999634,239577,4/19/2019 17:54
759,2/19/2018,64.95999908,65.90000153,64.83999634,65.66999817,125633,4/19/2019 17:54
760,2/20/2018,65.63999939,65.80999756,64.77999878,65.25,289165,4/19/2019 17:54
761,2/21/2018,65.05000305,65.52999878,64.40000153,65.41999817,245865,4/19/2019 17:54
762,2/22/2018,64.91000366,66.55999756,64.62000275,66.38999939,253001,4/19/2019 17:54
763,2/23/2018,66.30000305,67.37000275,65.79000092,67.30999756,201717,4/19/2019 17:54
764,2/26/2018,67.29000092,67.90000153,66.72000122,67.5,188304,4/19/2019 17:54
765,2/27/2018,67.56999969,67.61000061,66.31999969,66.62999725,106337,4/19/2019 17:54
766,2/28/2018,66.41000366,66.87000275,65.43000031,65.77999878,27394,4/19/2019 17:54
767,3/1/2018,64.56999969,65.04000092,63.18999863,63.83000183,340966,4/19/2019 17:54
768,3/2/2018,64.06999969,64.63999939,63.20000076,64.37000275,266382,4/19/2019 17:54
769,3/5/2018,64.65000153,65.87999725,64.09999847,65.54000092,261060,4/19/2019 17:54
770,3/6/2018,65.73999786,66.16000366,65.30000305,65.79000092,199793,4/19/2019 17:54
771,3/7/2018,65.23000336,65.80000305,63.83000183,64.33999634,332906,4/19/2019 17:54
772,3/8/2018,64.51000214,64.55999756,63.43000031,63.61000061,294786,4/19/2019 17:54
773,3/9/2018,63.93000031,65.62999725,63.68999863,65.48999786,286492,4/19/2019 17:54
774,3/12/2018,65.5,65.86000061,64.18000031,64.94999695,240034,4/19/2019 17:54
775,3/13/2018,64.91999817,65.68000031,64.05000305,64.63999939,320571,4/19/2019 17:54
776,3/14/2018,64.73000336,65.20999908,64.05999756,64.88999939,267591,4/19/2019 17:54
777,3/15/2018,64.90000153,65.37999725,64.61000061,65.12000275,208594,4/19/2019 17:54
778,3/16/2018,65.06999969,66.41999817,64.87999725,66.20999908,264214,4/19/2019 17:54
779,3/19/2018,66.01000214,66.38999939,65.38999939,66.05000305,272416,4/19/2019 17:54
780,3/20/2018,66.15000153,67.87999725,66.15000153,67.41999817,326466,4/19/2019 17:54
781,3/21/2018,67.61000061,69.86000061,67.48000336,69.47000122,401046,4/19/2019 17:54
782,3/22/2018,69.62999725,69.69999695,68.58000183,68.91000366,286629,4/19/2019 17:54
783,3/23/2018,69.11000061,70.56999969,68.87000275,70.44999695,283010,4/19/2019 17:54
784,3/26/2018,70.43000031,71.05000305,69.66999817,70.12000275,183689,4/19/2019 17:54
785,3/27/2018,70.12999725,71.02999878,69.44999695,70.11000061,131391,4/19/2019 17:54
786,3/28/2018,69.72000122,70.25,68.77999878,69.52999878,141890,4/19/2019 17:54
787,3/29/2018,69.86000061,70.44000244,69.09999847,70.26999664,25293,4/19/2019 17:54
788,4/2/2018,69.31999969,70.04000092,67.48999786,67.63999939,190053,4/19/2019 17:54
789,4/3/2018,67.62999725,68.45999908,67.62000275,68.12000275,232257,4/19/2019 17:54
790,4/4/2018,68.15000153,68.27999878,66.69000244,68.01999664,361479,4/19/2019 17:54
791,4/5/2018,68.36000061,68.93000031,67.73000336,68.33000183,270818,4/19/2019 17:54
792,4/6/2018,68.08999634,68.62000275,66.86000061,67.11000061,296092,4/19/2019 17:54
793,4/9/2018,67.09999847,68.80000305,67,68.65000153,257496,4/19/2019 17:54
794,4/10/2018,68.45999908,71.33999634,68.45999908,71.04000092,452335,4/19/2019 17:54
795,4/11/2018,71.02999878,73.08999634,70.56999969,72.05999756,495410,4/19/2019 17:54
796,4/12/2018,72.08999634,72.48999786,71.09999847,72.01999664,330212,4/19/2019 17:54
797,4/13/2018,71.94000244,72.87999725,71.55999756,72.58000183,328504,4/19/2019 17:54
798,4/16/2018,72.69999695,72.84999847,71.11000061,71.41999817,297437,4/19/2019 17:54
799,4/17/2018,71.65000153,71.88999939,70.83000183,71.58000183,315036,4/19/2019 17:54
800,4/18/2018,71.72000122,73.93000031,71.66000366,73.48000336,352649,4/19/2019 17:54
801,4/19/2018,73.72000122,74.75,73.45999908,73.77999878,393964,4/19/2019 17:54
802,4/20/2018,73.94000244,74.19999695,72.83000183,74.05999756,371895,4/19/2019 17:54
803,4/23/2018,73.76999664,75.09999847,73.12999725,74.70999908,317446,4/19/2019 17:54
804,4/24/2018,75.08999634,75.47000122,73.68000031,73.86000061,330603,4/19/2019 17:54
805,4/25/2018,74,74.19000244,73.16999817,74,275128,4/19/2019 17:54
806,4/26/2018,74.23000336,74.97000122,74.11000061,74.73999786,179479,4/19/2019 17:54
807,4/27/2018,74.72000122,75.02999878,74.34999847,74.63999939,156532,4/19/2019 17:54
808,4/30/2018,74.62000275,75.41000366,73.47000122,75.16999817,24760,4/19/2019 17:54
809,5/1/2018,74.65000153,74.98000336,72.73999786,73.12999725,360973,4/19/2019 17:54
810,5/2/2018,73.27999878,73.62999725,72.37999725,73.36000061,347055,4/19/2019 17:54
811,5/3/2018,73.06999969,74.08999634,72.47000122,73.62000275,382135,4/19/2019 17:54
812,5/4/2018,73.73999786,75.08000183,73.23999786,74.87000275,289860,4/19/2019 17:54
813,5/7/2018,75,76.33999634,74.83000183,76.16999817,230472,4/19/2019 17:54
814,5/8/2018,75.59999847,76.18000031,73.09999847,74.84999847,519797,4/19/2019 17:54
815,5/9/2018,76.19000244,77.43000031,76.08000183,77.20999908,364746,4/19/2019 17:54
816,5/10/2018,77.44000244,78,76.51000214,77.47000122,314193,4/19/2019 17:54
817,5/11/2018,77.55000305,77.59999847,76.94999695,77.12000275,261802,4/19/2019 17:54
818,5/14/2018,77.05000305,78.52999878,76.55000305,78.23000336,290126,4/19/2019 17:54
819,5/15/2018,78.41999817,79.47000122,77.90000153,78.43000031,390915,4/19/2019 17:54
820,5/16/2018,78.09999847,79.34999847,77.61000061,79.27999878,336573,4/19/2019 17:54
821,5/17/2018,79.26000214,80.5,79.12000275,79.30000305,330172,4/19/2019 17:54
822,5/18/2018,79.45999908,79.87000275,78.33000183,78.51000214,277277,4/19/2019 17:54
823,5/21/2018,78.61000061,79.58999634,78.09999847,79.22000122,245772,4/19/2019 17:54
824,5/22/2018,79.36000061,80.48999786,79.16000366,79.56999969,305307,4/19/2019 17:54
825,5/23/2018,79.47000122,79.84999847,78.20999908,79.80000305,292969,4/19/2019 17:54
826,5/24/2018,79.65000153,79.77999878,78.56999969,78.79000092,228579,4/19/2019 17:54
827,5/25/2018,78.81999969,78.87999725,76.01000214,76.44000244,275722,4/19/2019 17:54
828,5/28/2018,76.11000061,76.16999817,74.48999786,75.30000305,65102,4/19/2019 17:54
829,5/29/2018,75.81999969,76.19999695,74.54000092,75.38999939,114463,4/19/2019 17:54
830,5/30/2018,75.37000275,77.73000336,74.80999756,77.5,125329,4/19/2019 17:54
831,5/31/2018,77.37000275,78.75,77.04000092,77.58999634,21440,4/19/2019 17:54
832,6/1/2018,77.70999908,77.94999695,76.34999847,76.79000092,296571,4/19/2019 17:54
833,6/4/2018,76.66000366,76.94999695,75.19999695,75.29000092,324286,4/19/2019 17:54
834,6/5/2018,75.40000153,75.73999786,73.80999756,75.37999725,400846,4/19/2019 17:54
835,6/6/2018,75.19000244,76.25,74.45999908,75.36000061,365652,4/19/2019 17:54
836,6/7/2018,75.87999725,77.44999695,75.44000244,77.31999969,327984,4/19/2019 17:54
837,6/8/2018,77.38999939,77.61000061,76.12000275,76.45999908,251826,4/19/2019 17:54
838,6/11/2018,76.30000305,76.83999634,75.51999664,76.45999908,231283,4/19/2019 17:54
839,6/12/2018,76.5,77.06999969,75.43000031,75.87999725,260327,4/19/2019 17:54
840,6/13/2018,75.40000153,76.87000275,75.26000214,76.73999786,292469,4/19/2019 17:54
841,6/14/2018,76.55999756,76.91999817,75.76000214,75.94000244,279214,4/19/2019 17:54
842,6/15/2018,75.98000336,76.05999756,73,73.44000244,285802,4/19/2019 17:54
843,6/18/2018,73.05999756,75.48999786,72.44999695,75.33999634,316116,4/19/2019 17:54
844,6/19/2018,75.23999786,75.55000305,74.44999695,75.08000183,290589,4/19/2019 17:54
845,6/20/2018,75.19999695,75.86000061,74.09999847,74.73999786,368837,4/19/2019 17:54
846,6/21/2018,74.45999908,74.69000244,72.93000031,73.05000305,411809,4/19/2019 17:54
847,6/22/2018,73.23999786,75.83000183,73.23999786,75.55000305,377394,4/19/2019 17:54
848,6/25/2018,74.80000305,75.12999725,73.73999786,74.73000336,274377,4/19/2019 17:54
849,6/26/2018,74.73999786,76.72000122,74.12999725,76.30999756,289472,4/19/2019 17:54
850,6/27/2018,76.54000092,78.16000366,76.27999878,77.62000275,166193,4/19/2019 17:54
851,6/28/2018,77.5,78.41999817,77.08999634,77.84999847,144216,4/19/2019 17:54
852,6/29/2018,77.79000092,79.69999695,77.44999695,79.44000244,17120,4/19/2019 17:54
853,7/2/2018,78.55000305,78.94999695,77.16000366,77.30000305,265384,4/19/2019 17:54
854,7/3/2018,77.40000153,78.55000305,76.66999817,77.76000214,273456,4/19/2019 17:54
855,7/4/2018,77.88999939,78.27999878,77.61000061,78.23999786,97245,4/19/2019 17:54
856,7/5/2018,78.13999939,78.5,77.30000305,77.38999939,254024,4/19/2019 17:54
857,7/6/2018,77.56999969,77.68000031,76.36000061,77.11000061,315279,4/19/2019 17:54
858,7/9/2018,77.20999908,78.30999756,77.04000092,78.06999969,212186,4/19/2019 17:54
859,7/10/2018,78.25,79.51000214,78.15000153,78.86000061,261549,4/19/2019 17:54
860,7/11/2018,78.77999878,78.83000183,73.04000092,73.40000153,560842,4/19/2019 17:54
861,7/12/2018,74.16999817,75.09999847,72.66999817,74.44999695,416412,4/19/2019 17:54
862,7/13/2018,74.33999634,75.93000031,73.22000122,75.33000183,302426,4/19/2019 17:54
863,7/16/2018,74.91999817,75.37000275,71.51999664,71.83999634,330000,4/19/2019 17:54
864,7/17/2018,72.01000214,72.77999878,71.34999847,72.16000366,286435,4/19/2019 17:54
865,7/18/2018,71.73999786,73.27999878,71.19000244,72.90000153,287114,4/19/2019 17:54
866,7/19/2018,73.05999756,73.79000092,71.83000183,72.58000183,313811,4/19/2019 17:54
867,7/20/2018,72.65000153,73.47000122,72.26000214,73.06999969,231507,4/19/2019 17:54
868,7/23/2018,73.22000122,74.5,72.51999664,73.05999756,316980,4/19/2019 17:54
869,7/24/2018,72.91000366,74,72.68000031,73.44000244,215150,4/19/2019 17:54
870,7/25/2018,73.69999695,74.59999847,73.06999969,73.93000031,210868,4/19/2019 17:54
871,7/26/2018,74.37000275,74.83000183,73.76999664,74.54000092,183348,4/19/2019 17:54
872,7/27/2018,74.5,74.84999847,73.83000183,74.29000092,119340,4/19/2019 17:54
873,7/30/2018,74.30999756,75.26999664,74.13999939,74.97000122,81034,4/19/2019 17:54
874,7/31/2018,74.93000031,75.09999847,74.13999939,74.25,21877,4/19/2019 17:54
875,8/1/2018,74.06999969,74.12000275,72.12999725,72.38999939,284022,4/19/2019 17:54
876,8/2/2018,72.41999817,73.75,71.83999634,73.44999695,226453,4/19/2019 17:54
877,8/3/2018,73.37000275,73.73000336,72.48000336,73.20999908,175359,4/19/2019 17:54
878,8/6/2018,73.20999908,74.47000122,73.08000183,73.75,200582,4/19/2019 17:54
879,8/7/2018,73.61000061,74.90000153,73.56999969,74.65000153,228992,4/19/2019 17:54
880,8/8/2018,74.63999939,74.87000275,71.65000153,72.27999878,269509,4/19/2019 17:54
881,8/9/2018,72.16000366,72.88999939,71.86000061,72.06999969,197055,4/19/2019 17:54
882,8/10/2018,71.97000122,73.13999939,71.40000153,72.80999756,228741,4/19/2019 17:54
883,8/13/2018,73,73.08999634,71.04000092,72.61000061,220337,4/19/2019 17:54
884,8/14/2018,72.81999969,73.93000031,72.16000366,72.45999908,242747,4/19/2019 17:54
885,8/15/2018,72.22000122,72.44000244,70.30000305,70.76000214,298105,4/19/2019 17:54
886,8/16/2018,70.65000153,71.51999664,70.40000153,71.43000031,227201,4/19/2019 17:54
887,8/17/2018,71.34999847,72.48999786,71.25,71.83000183,217156,4/19/2019 17:54
888,8/20/2018,71.76999664,72.75,71.41999817,72.20999908,249098,4/19/2019 17:54
889,8/21/2018,72.15000153,72.94999695,72.05000305,72.62999725,201240,4/19/2019 17:54
890,8/22/2018,72.76000214,75,72.69999695,74.77999878,300689,4/19/2019 17:54
891,8/23/2018,74.72000122,74.87000275,74.20999908,74.73000336,199661,4/19/2019 17:54
892,8/24/2018,74.73000336,76.41999817,74.68000031,75.81999969,235091,4/19/2019 17:54
893,8/27/2018,75.54000092,76.33999634,75.38999939,76.20999908,101081,4/19/2019 17:54
894,8/28/2018,76.33999634,76.97000122,75.73000336,75.94999695,179659,4/19/2019 17:54
895,8/29/2018,75.98999786,77.41999817,75.66999817,77.13999939,130440,4/19/2019 17:54
896,8/30/2018,77.33000183,78.02999878,77.18000031,77.76999664,90218,4/19/2019 17:54
897,8/31/2018,77.52999878,77.79000092,77,77.41999817,25828,4/19/2019 17:54
898,9/3/2018,77.69000244,78.44000244,77.30000305,78.15000153,110912,4/19/2019 17:54
899,9/4/2018,78.19000244,79.72000122,77.44000244,78.16999817,320446,4/19/2019 17:54
900,9/5/2018,77.81999969,78.08999634,76.91000366,77.26999664,277124,4/19/2019 17:54
901,9/6/2018,77.01999664,77.76999664,75.63999939,76.5,274791,4/19/2019 17:54
902,9/7/2018,76.69000244,77.09999847,75.87999725,76.83000183,208999,4/19/2019 17:54
903,9/10/2018,77.08000183,77.91999817,76.90000153,77.37000275,244533,4/19/2019 17:54
904,9/11/2018,77.37999725,79.54000092,77.36000061,79.05999756,280309,4/19/2019 17:54
905,9/12/2018,79.41999817,80.12999725,78.75,79.73999786,315266,4/19/2019 17:54
906,9/13/2018,79.59999847,79.70999908,77.87000275,78.18000031,298144,4/19/2019 17:54
907,9/14/2018,78.44999695,78.94000244,77.37000275,78.08999634,261057,4/19/2019 17:54
908,9/17/2018,78.06999969,78.90000153,77.73000336,78.05000305,207609,4/19/2019 17:54
909,9/18/2018,77.77999878,79.73000336,77.45999908,79.02999878,259175,4/19/2019 17:54
910,9/19/2018,78.97000122,79.5,78.51000214,79.40000153,275872,4/19/2019 17:54
911,9/20/2018,79.44000244,79.83000183,78.51000214,78.69999695,300163,4/19/2019 17:54
912,9/21/2018,78.66999817,80.12000275,78.23000336,78.80000305,297574,4/19/2019 17:54
913,9/24/2018,78.97000122,81.48000336,78.97000122,81.19999695,243314,4/19/2019 17:54
914,9/25/2018,81.34999847,82.55000305,81.16999817,81.87000275,240400,4/19/2019 17:54
915,9/26/2018,81.44999695,82.22000122,81.09999847,81.33999634,130529,4/19/2019 17:54
916,9/27/2018,81.80000305,82.44000244,81.31999969,81.72000122,123998,4/19/2019 17:54
917,9/28/2018,81.62999725,82.87000275,81.59999847,82.72000122,19684,4/19/2019 17:54
918,10/1/2018,82.79000092,85.44999695,82.55000305,84.98000336,347526,4/19/2019 17:54
919,10/2/2018,84.94999695,85.37999725,84.30999756,84.80000305,268609,4/19/2019 17:54
920,10/3/2018,84.79000092,86.73999786,84.01000214,86.29000092,345222,4/19/2019 17:54
921,10/4/2018,85.98999786,86.43000031,84.13999939,84.58000183,361253,4/19/2019 17:54
922,10/5/2018,84.88999939,85.12000275,83.91999817,84.16000366,300619,4/19/2019 17:54
923,10/8/2018,84.16999817,84.30999756,82.66000366,83.91000366,290090,4/19/2019 17:54
924,10/9/2018,83.91000366,85.44999695,83.73000336,85,351396,4/19/2019 17:54
925,10/10/2018,84.98000336,85.16999817,82.26000214,83.08999634,319094,4/19/2019 17:54
926,10/11/2018,82.47000122,82.62999725,79.80000305,80.26000214,482510,4/19/2019 17:54
927,10/12/2018,80.27999878,81.48000336,79.23000336,80.43000031,373090,4/19/2019 17:54
928,10/15/2018,81,81.91999817,79.84999847,80.77999878,284648,4/19/2019 17:54
929,10/16/2018,80.87999725,81.75,79.80000305,81.41000366,329327,4/19/2019 17:54
930,10/17/2018,81.73999786,81.84999847,79.16999817,80.05000305,336595,4/19/2019 17:54
931,10/18/2018,80.23000336,80.30999756,78.69000244,79.29000092,359005,4/19/2019 17:54
932,10/19/2018,79.44000244,80.87999725,79.22000122,79.77999878,291069,4/19/2019 17:54
933,10/22/2018,80.11000061,80.41000366,78.98999786,79.83000183,269911,4/19/2019 17:54
934,10/23/2018,80.04000092,80.12000275,75.87999725,76.44000244,513715,4/19/2019 17:54
935,10/24/2018,76.34999847,77.56999969,75.11000061,76.16999817,366652,4/19/2019 17:54
936,10/25/2018,75.66999817,77.08000183,75.34999847,76.88999939,215235,4/19/2019 17:54
937,10/26/2018,76.59999847,77.91000366,75.76999664,77.62000275,229751,4/19/2019 17:54
938,10/29/2018,77.63999939,78.02999878,76.55000305,77.33999634,117939,4/19/2019 17:54
939,10/30/2018,76.81999969,77.31999969,75.08999634,75.91000366,115186,4/19/2019 17:54
940,10/31/2018,76.27999878,76.91999817,75.41999817,75.47000122,34697,4/19/2019 17:54
941,11/1/2018,74.69000244,74.98999786,72.55999756,72.88999939,360162,4/19/2019 17:54
942,11/2/2018,72.75,73.5,72.16000366,72.83000183,312874,4/19/2019 17:54
943,11/5/2018,72.84999847,74.12999725,72.26000214,73.16999817,231141,4/19/2019 17:54
944,11/6/2018,72.84999847,73.27999878,71.18000031,72.12999725,290879,4/19/2019 17:54
945,11/7/2018,71.66000366,73.55000305,71.36000061,72.06999969,361361,4/19/2019 17:54
946,11/8/2018,72.09999847,73.08000183,70.55999756,70.65000153,350468,4/19/2019 17:54
947,11/9/2018,70.87000275,70.98999786,69.12999725,70.18000031,292213,4/19/2019 17:54
948,11/12/2018,70.69000244,71.87999725,68.87000275,70.12000275,319229,4/19/2019 17:54
949,11/13/2018,69.12999725,69.68000031,64.61000061,65.47000122,445041,4/19/2019 17:54
950,11/14/2018,65.62000275,67.62999725,65.01999664,66.12000275,379718,4/19/2019 17:54
951,11/15/2018,66.12000275,67.41999817,65.76999664,66.62000275,316040,4/19/2019 17:54
952,11/16/2018,66.68000031,68.37999725,66.05999756,66.76000214,327717,4/19/2019 17:54
953,11/19/2018,66.98999786,67.63999939,65.26999664,66.79000092,262545,4/19/2019 17:54
954,11/20/2018,66.90000153,66.90000153,61.70999908,62.52999878,417010,4/19/2019 17:54
955,11/21/2018,62.59999847,64.48000336,62.56000137,63.47999954,334983,4/19/2019 17:54
956,11/22/2018,63.59999847,63.81000137,62.27000046,62.59999847,164108,4/19/2019 17:54
957,11/23/2018,62.58000183,62.79000092,58.40999985,58.79999924,279668,4/19/2019 17:54
958,11/26/2018,58.97999954,61.13000107,58.59999847,60.47999954,267383,4/19/2019 17:54
959,11/27/2018,60.38999939,61.40000153,58.91999817,60.20999908,271168,4/19/2019 17:54
960,11/28/2018,60.63000107,61.27000046,58.54999924,58.75999832,150813,4/19/2019 17:54
961,11/29/2018,59.11999893,60.36999893,57.5,59.50999832,94566,4/19/2019 17:54
962,11/30/2018,59.27999878,59.93000031,58.25,58.70999908,27015,4/19/2019 17:54
963,12/3/2018,59.97999954,62.59999847,59.84999847,61.68999863,294774,4/19/2019 17:54
964,12/4/2018,61.90000153,63.58000183,61.24000168,62.08000183,277419,4/19/2019 17:54
965,12/5/2018,61.34999847,63.29000092,60.79999924,61.56000137,256240,4/19/2019 17:54
966,12/6/2018,61.36000061,61.97000122,58.36000061,60.06000137,399988,4/19/2019 17:54
967,12/7/2018,60.25,63.72999954,59.09999847,61.66999817,423077,4/19/2019 17:54
968,12/10/2018,61.34000015,62.33000183,59.61000061,59.97000122,264954,4/19/2019 17:54
969,12/11/2018,59.90999985,61.09999847,59.58000183,60.20000076,235332,4/19/2019 17:54
970,12/12/2018,60.66999817,61.43000031,59.97999954,60.15000153,246916,4/19/2019 17:54
971,12/13/2018,60.29000092,62.02000046,59.33000183,61.45000076,252397,4/19/2019 17:54
972,12/14/2018,61.52999878,61.58000183,59.91999817,60.27999878,206560,4/19/2019 17:54
973,12/17/2018,60.25,61.20999908,58.63999939,59.61000061,246028,4/19/2019 17:54
974,12/18/2018,59,59.24000168,55.88999939,56.25999832,398563,4/19/2019 17:54
975,12/19/2018,56.50999832,58.11000061,56.04000092,57.24000168,319367,4/19/2019 17:54
976,12/20/2018,56.49000168,56.75,54.27999878,54.34999847,299454,4/19/2019 17:54
977,12/21/2018,54.97000122,55.33000183,52.79000092,53.81999969,226344,4/19/2019 17:54
978,12/24/2018,53.49000168,54.65999985,50.36000061,50.47000122,76222,4/19/2019 17:54
979,12/26/2018,50.84000015,55.29000092,49.93000031,54.47000122,77000,4/19/2019 17:54
980,12/27/2018,54.65000153,54.66999817,51.93999863,52.15999985,102589,4/19/2019 17:54
981,12/28/2018,53.43999863,53.79999924,51.59999847,52.20000076,17111,4/19/2019 17:54
982,12/31/2018,53,54.81999969,52.65999985,53.79999924,109109,4/19/2019 17:54
983,1/2/2019,54.11999893,56.56000137,52.50999832,54.90999985,300950,4/19/2019 17:54
984,1/3/2019,54.29000092,56.29999924,53.93000031,55.95000076,278356,4/19/2019 17:54
985,1/4/2019,55.66999817,58.31000137,55.34000015,57.06000137,321106,4/19/2019 17:54
986,1/7/2019,57.40999985,58.93000031,57.25999832,57.33000183,296583,4/19/2019 17:54
987,1/8/2019,57.63999939,58.86999893,57.13000107,58.72000122,288249,4/19/2019 17:54
988,1/9/2019,59.15000153,61.68999863,59.04999924,61.43999863,329048,4/19/2019 17:54
989,1/10/2019,61.15000153,61.90999985,60.43999863,61.68000031,300922,4/19/2019 17:54
990,1/11/2019,61.18999863,62.49000168,60.08000183,60.47999954,292786,4/19/2019 17:54
991,1/14/2019,60.61999893,61.04000092,58.90000153,58.99000168,263276,4/19/2019 17:54
992,1/15/2019,59.36000061,60.86000061,59.11000061,60.63999939,234362,4/19/2019 17:54
993,1/16/2019,60.41999817,61.45000076,60.02999878,61.31999969,315592,4/19/2019 17:54
994,1/17/2019,61.04999924,61.54000092,60.04000092,61.18000031,278415,4/19/2019 17:54
995,1/18/2019,61.33000183,63,61.31999969,62.70000076,288912,4/19/2019 17:54
996,1/21/2019,62.74000168,63.15000153,62.25,62.74000168,138080,4/19/2019 17:54
997,1/22/2019,62.59000015,62.70999908,60.56999969,61.5,283221,4/19/2019 17:54
998,1/23/2019,61.36999893,62.33000183,60.20999908,61.13999939,308458,4/19/2019 17:54
999,1/24/2019,61.02000046,61.50999832,60.40999985,61.09000015,274482,4/19/2019 17:54
1000,1/25/2019,61.13000107,61.91999817,60.70000076,61.63999939,218031,4/19/2019 17:54
1001,1/28/2019,61.49000168,61.68999863,59.49000168,59.93000031,214188,4/19/2019 17:54
1002,1/29/2019,59.86999893,61.79000092,59.75,61.31999969,142125,4/19/2019 17:54
1003,1/30/2019,61.25999832,62.66999817,61.04000092,61.65000153,90933,4/19/2019 17:54
1004,1/31/2019,61.97000122,62.31999969,61.56999969,61.88999939,20629,4/19/2019 17:54
1005,2/1/2019,61.06000137,62.97000122,60.45999908,62.75,267223,4/19/2019 17:54
1006,2/4/2019,62.83000183,63.63000107,61.27999878,62.50999832,297433,4/19/2019 17:54
1007,2/5/2019,62.63999939,63.02000046,61.72000122,61.97999954,215360,4/19/2019 17:54
1008,2/6/2019,62.06000137,62.79999924,61.04999924,62.68999863,225570,4/19/2019 17:54
1009,2/7/2019,62.5,62.90999985,60.59999847,61.63000107,286173,4/19/2019 17:54
1010,2/8/2019,61.65999985,62.36000061,61.04000092,62.09999847,254945,4/19/2019 17:54
1011,2/11/2019,62.11000061,62.34000015,60.90000153,61.50999832,280955,4/19/2019 17:54
1012,2/12/2019,61.59000015,63.34000015,61.59000015,62.41999817,278798,4/19/2019 17:54
1013,2/13/2019,62.70000076,63.97999954,62.68999863,63.61000061,269676,4/19/2019 17:54
1014,2/14/2019,63.68999863,64.80999756,63.25,64.56999969,287452,4/19/2019 17:54
1015,2/15/2019,64.86000061,66.38999939,64.41999817,66.25,290550,4/19/2019 17:54
1016,2/18/2019,66.38999939,66.83000183,65.90000153,66.5,175243,4/19/2019 17:54
1017,2/19/2019,66.44000244,66.65000153,65.58000183,66.44999695,246650,4/19/2019 17:54
1018,2/20/2019,66.30000305,67.37999725,65.62999725,67.08000183,276479,4/19/2019 17:54
1019,2/21/2019,67.05000305,67.30999756,66.69000244,67.06999969,245862,4/19/2019 17:54
1020,2/22/2019,66.95999908,67.73000336,66.87000275,67.12000275,177620,4/19/2019 17:54
1021,2/25/2019,66.97000122,67.47000122,64.54000092,64.76000214,220939,4/19/2019 17:54
1022,2/26/2019,64.79000092,65.73999786,64.31999969,65.20999908,127595,4/19/2019 17:54
1023,2/27/2019,65.63999939,66.69999695,65.26999664,66.38999939,102137,4/19/2019 17:54
1024,2/28/2019,66.37999725,66.37999725,65.66999817,66.02999878,19669,4/19/2019 17:54
1025,3/1/2019,66.48000336,67.13999939,64.58999634,65.06999969,297192,4/19/2019 17:54
1026,3/4/2019,64.97000122,66.33999634,64.93000031,65.66999817,233538,4/19/2019 17:54
1027,3/5/2019,65.45999908,66.23000336,65.04000092,65.86000061,216385,4/19/2019 17:54
1028,3/6/2019,65.48999786,66.18000031,65.22000122,65.98999786,283198,4/19/2019 17:54
1029,3/7/2019,65.87999725,67,65.75,66.30000305,276242,4/19/2019 17:54
1030,3/8/2019,66.08000183,66.08999634,64.01999664,65.73999786,316389,4/19/2019 17:54
1031,3/11/2019,65.76000214,66.75,65.62999725,66.58000183,247806,4/19/2019 17:54
1032,3/12/2019,66.69999695,67.38999939,66.33999634,66.66999817,252126,4/19/2019 17:54
1033,3/13/2019,66.91000366,67.76000214,66.69999695,67.55000305,243201,4/19/2019 17:54
1034,3/14/2019,67.65000153,68.13999939,67.02999878,67.23000336,235989,4/19/2019 17:54
1035,3/15/2019,67.18000031,67.70999908,66.12999725,67.16000366,254319,4/19/2019 17:54
1036,3/18/2019,67.13999939,67.69000244,66.69000244,67.54000092,208526,4/19/2019 17:54
1037,3/19/2019,67.48999786,68.19999695,67.12999725,67.61000061,234136,4/19/2019 17:54
1038,3/20/2019,67.66000366,68.56999969,67.19000244,68.5,235485,4/19/2019 17:54
1039,3/21/2019,68.37999725,68.69000244,67.58999634,67.86000061,303229,4/19/2019 17:54
1040,3/22/2019,67.76000214,67.98000336,66.19999695,67.02999878,284522,4/19/2019 17:54
1041,3/25/2019,67,67.65000153,66.36000061,67.20999908,216757,4/19/2019 17:54
1042,3/26/2019,67.36000061,68.23000336,67.23999786,67.97000122,197540,4/19/2019 17:54
1043,3/27/2019,67.90000153,68.34999847,67.19000244,67.83000183,148148,4/19/2019 17:54
1044,3/28/2019,67.75,68,66.54000092,67.81999969,131643,4/19/2019 17:54
1045,3/29/2019,68.01000214,68.88999939,67.80999756,68.38999939,20624,4/19/2019 17:54
1046,4/1/2019,67.58000183,69.22000122,67.58000183,69.01000214,320766,4/19/2019 17:54
1047,4/2/2019,69.22000122,69.58000183,68.69000244,69.37000275,299300,4/19/2019 17:54
1048,4/3/2019,69.47000122,69.95999908,68.80000305,69.30999756,341499,4/19/2019 17:54
1049,4/4/2019,69.44000244,70.02999878,68.87000275,69.40000153,281879,4/19/2019 17:54
1050,4/5/2019,69.12999725,70.48000336,68.91999817,70.33999634,263869,4/19/2019 17:54
1051,4/8/2019,70.55999756,71.19000244,70.43000031,71.09999847,288128,4/19/2019 17:54
1052,4/9/2019,71.19000244,71.33999634,70.30000305,70.61000061,267491,4/19/2019 17:54
1053,4/10/2019,70.81999969,71.77999878,70.56999969,71.73000336,288893,4/19/2019 17:54
1054,4/11/2019,71.55999756,71.68000031,70.56999969,70.83000183,278088,4/19/2019 17:54
1055,4/12/2019,70.94999695,71.87000275,70.90000153,71.55000305,237220,4/19/2019 17:54
1056,4/15/2019,71.55000305,71.59999847,70.77999878,71.18000031,219152,4/19/2019 17:54
1057,4/16/2019,71.20999908,71.94999695,70.73999786,71.72000122,273904,4/19/2019 17:54
1058,4/17/2019,71.83000183,72.26999664,71.44999695,71.62000275,276611,4/19/2019 17:54
1059,4/18/2019,71.58999634,72.02999878,71.19000244,71.94999695,0,4/19/2019 17:54
